Bloomberg;@business;2021-12-27T17:08:04.000Z;‘Most Americans Today Believe the Stock Market Is Rigged, and They’re Right’ New research shows insider trading is everywhere. So far, no one seems to care.;59;185
Bloomberg;@business;2021-12-27T17:05:09.000Z;Fauci Says Domestic Travel Vaccination Rule Should Be Considered President Joe Biden’s medical adviser said a domestic travel vaccination rule should be considered as the omicron variant fuels record Covid-19 case loads in some states and holiday travel continues...;27;26
Bloomberg;@business;2021-12-27T17:03:05.000Z;Bitcoin Loses Luster to Alternative Coins in Up Day for Crypto As a blockbuster year for cryptocurrencies ticks to a close, some of the smallest coins are having a moment.;2;8
Bloomberg Retweeted;@Quicktake;2021-12-27T16:41:13.000Z;2 dams broke Sunday in northeastern Brazil, causing a strong flash flood that forced thousands to flee their homes. Officials are trying to distribute food, mattresses and warm clothing to flood victims 0:;1;31
Bloomberg;@business;2021-12-27T17:00:27.000Z;French Fry Shortage Hits Some Restaurants in Latest Supply Snag The message posted to Instagram late Tuesday by J.G. Melon, a revered New York City burger joint, surely came as a shock to its many fans.;9;25
Bloomberg;@business;2021-12-27T16:59:04.000Z;Activist Investor Starboard Is Pushing for Changes at GoDaddy Activist investor Starboard Value disclosed a stake in website services company GoDaddy Inc. and said it may push for changes to improve the stock’s performance.;1;5
Bloomberg Retweeted;@luxury;2021-12-27T16:25:25.000Z;The Best New Restaurants in Miami, as Chosen by Top Chefs The 13 spots include a clubby Korean steakhouse, Spanish fare in an elevated garden, and superior sushi.;;9
Bloomberg;@business;2021-12-27T16:22:03.000Z;JPMorgan Sees Muni Housing Bonds Besting Other Sectors Next Year Municipal-bond investors seeking shelter from rising rates in 2022 should look to housing bonds, according to JPMorgan Chase & Co.’s lead muni strategist.;3;10
Bloomberg;@business;2021-12-27T16:17:20.000Z;Meta Gains as KeyBanc Sees Strong Holiday Sales for Oculus Headset;6;17
Bloomberg;@business;2021-12-27T16:10:06.000Z;The Hunt for a Single Shot to Defeat Omicron and All Coronaviruses The hardest part about developing a super-vaccine for all coronaviruses could be finding a way to pay for it.;20;18
Bloomberg;@business;2021-12-27T16:05:07.000Z;The legacy of Archbishop Desmond Tutu's activism for equality continues to reverberate among young South Africans, many of whom were not born when the clergyman battled apartheid via AP bloomberg.com Young South Africans Learn of Tutu's Activism for Equality Johannesburg (AP) -- The legacy of Archbishop Desmond Tutu's activism for equality continues to reverberate among young South Africans, many of whom were not born when the clergyman battled apartheid.;6;9
Bloomberg;@business;2021-12-27T16:05:06.000Z;Silicon Valley’s Push Into Cars Is Testing Aptiv's Tech Makeover Aptiv has morphed from bankrupt GM supplier to shrewd tech company. Now, as carmakers change their playbooks, it may have to adapt again.;4;4
Bloomberg Retweeted;@BW;2021-12-27T16:03:55.000Z;Bright Horizons Is Betting Kids Will Return to the Office, Even If Parents Stay Home As the child-care industry crumbles, the largest provider of on-site daycare makes its move on corporate America.;5;13
Bloomberg;@business;2021-12-27T15:59:02.000Z;Miami’s Financial District to Get Another New Luxury Condo Tower Miami-based developer Mast Capital is planning a new 80-story luxury condo tower in the city’s financial district, betting on new arrivals to keep demand strong in a red-hot market.;9;11
Bloomberg;@business;2021-12-27T15:55:05.000Z;Sorry, Wall Street. You're Going to Have to Work New Year's Eve It’s the Grinch That Stole New Year’s.;3;13
Bloomberg;@business;2021-12-27T15:01:07.000Z;NYC’s Mayor Bill De Blasio Says He’ll Decide ‘Very Soon’ on Governor Run New York City Mayor Bill de Blasio said Monday that he will decide “very, very soon” on whether to run for governor of New York state.;22;19
Bloomberg;@business;2021-12-27T14:58:03.000Z;NBA Covid Cases Still Rising as Expanded Testing Begins (AP) -- The way Miami's Caleb Martin sees things, he's lucky.;5;7
Bloomberg;@business;2021-12-27T14:57:03.000Z;Mother Teresa’s Charity Barred From Receiving Foreign Funds;5;21
Bloomberg;@business;2021-12-27T14:49:05.000Z;E.O. Wilson, Known as ‘Father of Biodiversity,’ Dies at 92 E.O. Wilson, the former Harvard University biologist and Pulitzer Prize winner whose study of ants and human behavior made him one of the world’s most influential scientists and prompted his calls...;4;39
Bloomberg;@business;2021-12-27T14:40:08.000Z;Jokowi Builds Hospital to Recoup $7 Billion in Medical Tourism Indonesia is building a hospital that will be run in partnership with U.S.-based Mayo Clinic as part of a bid to recoup $7 billion in outbound medical tourism.;1;19
Bloomberg Retweeted;@luxury;2021-12-27T14:37:06.000Z;NYC’s Covid Surge Overtakes Broadway Shows, Museums Trying to Stay Open New York City’s museums, concerts and Broadway theaters are desperately trying to keep their doors open amid a surge in Covid-19 cases, but the onslaught is overwhelming a tourism industry that had...;3;8
Bloomberg;@business;2021-12-27T14:28:05.000Z;Microsoft, Salesforce Battle to Revitalize Customer Service Once-backwater call centers seen as ‘gold mine’ for software makers;4;10
Bloomberg;@business;2021-12-27T14:21:04.000Z;Didi Shares Slump After Insiders Blocked From Selling Stock;3;14
Bloomberg;@business;2021-12-27T13:49:04.000Z;Xenophobia Spills Into Japan’s Covid-Era Debate on Immigration Aging nation has sought to fill gaps with foreign workers;1;13
Bloomberg;@business;2021-12-27T13:27:04.000Z;Pregnant Women Come Last: When Vaccine Doubts Prove Fatal Here’s the latest news from the pandemic.;6;9
Bloomberg;@business;2021-12-27T13:22:51.000Z;Defending Champ US Holds Off Slovakia to Open World Juniors Red Deer, Alberta (AP) -- Boston University goalie Drew Commesso made 23 saves and the defending champion United States opened the world junior hockey championship with a 3-2 victory over Slovakia on...;3;7
Bloomberg;@business;2021-12-27T13:21:04.000Z;What Quarantine Is Like Inside Hong Kong's Bleak, High-Security Camp Omicron means more travelers, including those from the U.S., must isolate at the government-run facility;6;23
Bloomberg;@business;2021-12-27T13:19:28.000Z;Iraq’s Top Court Rejects Appeal Contesting Election Results Baghdad (AP) -- Iraq’s top court on Monday rejected an appeal filed by Iran-backed factions contesting the results of country's parliamentary elections held in October. The development marked another...;3;6
Bloomberg;@business;2021-12-27T13:03:37.000Z;Police Probe Video Linked to Windsor Castle Christmas Breach London (AP) -- British police said Monday they were investigating a video linked to a man armed with a crossbow who was arrested at Windsor Castle on Christmas Day.;6;15
Bloomberg;@business;2021-12-27T13:03:23.000Z;Covid Vaccination-Laggard Congo Plans Rapid Cholera Inoculations The Democratic Republic of Congo, a nation with one of the world’s lowest coronavirus inoculation rates, is planning to vaccinate 2 million people against cholera in six days, according to a statem...;5;15
Bloomberg;@business;2021-12-27T11:51:27.000Z;Fearing the Ax in 2022, CEOs Sweat Supply Chain More Than Covid The C-suite is a bundle of nerves this winter. A new survey shows that 72% of chief executive officers are worried about losing their jobs in 2022 because of business disruptions, tracking closely...;10;36
Bloomberg;@business;2021-12-27T11:50:09.000Z;Hungary's forint tumbles to a record low against the euro in light post-holiday volumes;2;4
Bloomberg;@business;2021-12-27T11:41:05.000Z;Italy, already suffering one of the industrialized world’s highest public debt burdens, has seen the coronavirus pandemic inflate it by 5,000 euros to 46,400 euros per capita;23;83
Bloomberg;@business;2021-12-27T11:34:03.000Z;Apple’s Next Step in Services Could Be New Bundles, Deeper Integration Hey everyone, it’s Mark. The next phase of Apple’s services push is likely to include deeper integration among offerings and more bundles. Also: Apple hires Facebook’s AR/VR communications chief as...;2;11
Bloomberg;@business;2021-12-27T11:10:34.000Z;JPMorgan Says Investors Too Bearish, Doesn’t See Stock Selloff There’s no reason to fear that the rally that catapulted U.S. stocks to successive records this year will end anytime soon, according to JPMorgan Chase & Co. strategists. In fact, more investors may...;9;17
Bloomberg;@business;2021-12-27T10:50:24.000Z;Bulgarian Shoppers Find Bargains in Turkey as Lira Struggles Edirne, Turkey (AP) -- Bulgarian shoppers are crossing Turkey’s western border in packed cars and buses, taking advantage of a declining Turkish lira to fuel their own shopping sprees.;8;36
Bloomberg;@business;2021-12-27T09:20:04.000Z;India’s Renewables Boom Set to Lift Power Exchange Spot Trading A surge in renewable energy in India is set to massively increase spot power trading, according to the country’s largest electricity bourse.;2;5
Bloomberg;@business;2021-12-27T09:13:55.000Z;Turkey’s Lira Slides Amid Questions Over Currency Defense Tool Turkey’s lira plummeted against the dollar as it strives for equilibrium in the wake of unprecedented rally last week spurred by the introduction of a new deposit tool to shield savers from a...;2;18
Bloomberg;@business;2021-12-27T08:59:03.000Z;Omicron’s Negative Markets Impact Has Been Dismissed Too Quickly The concepts of percentages and lagged data series are leading investors toward a complacent conclusion on omicron that doesn’t yet appear justified by empirical data.;4;5
Bloomberg;@business;2021-12-27T08:55:15.000Z;Taliban Aims To Boost Exports to Ease Crisis As Foreign Aid Ends The Taliban administration is working to boost exports to save the Afghan economy from collapse, with a government official saying international humanitarian aid alone won’t prevent the country from...;8;15
Bloomberg;@business;2021-12-27T08:43:04.000Z;European Stock Market Rebound Stalls Amid Omicron Worries European stocks were little changed on Monday following gains last week, as investors assess a surge of Covid-19 cases and the impact it may have on the economic recovery. The U.K. market will remain...;3;8
Bloomberg;@business;2021-12-27T08:26:30.000Z;Israeli Hospital to Start Fourth Covid Jab Efficacy Study A leading Israeli hospital will begin a study on Monday to determine the safety and efficacy of a fourth coronavirus vaccine dose.;13;45
Bloomberg;@business;2021-12-27T08:26:06.000Z;2021 Best Books on Business and Leadership Our annual list of what the most powerful people in business read this year.;7;26
Bloomberg;@business;2021-12-27T08:05:24.000Z;Binance Gets Its First Gulf Crypto Regulatory Nod in Bahrain Binance Holdings Ltd. received in-principle approval from Bahrain’s central bank to be a crypto-asset service provider in the kingdom, according to a statement from the company.;23;113
Bloomberg;@business;2021-12-27T07:10:44.000Z;Taiwan Stocks Close at Record High on Tech Rebound, Retail Boom Taiwan’s equity benchmark closed at a record high as a global rebound in tech hardware shares extended and retail investors continued to pile in.;5;34
Bloomberg;@business;2021-12-27T06:45:37.000Z;Palm Oil Declines After Four Days of Gains With Floods in Focus Palm oil retreated as some investors seek to lock in year-end gains, although concerns remain that floods in Malaysia will curb supplies.;3;14
Bloomberg;@business;2021-12-27T06:20:39.000Z;Australia’s Daily Covid Cases Surge Past 10,000 for First Time Australia reported more than 10,000 daily Covid-19 cases for the first time since the start of the pandemic amid the rapid spread of the omicron strain.;7;30
Bloomberg;@business;2021-12-27T06:20:05.000Z;Amber Heard Names Dog After Australia’s Deputy PM Following Spat Actress Amber Heard has named her new dog after Australia’s outspoken Deputy Prime Minister Barnaby Joyce, following a battle with the politician over pet quarantine during a visit to the country in...;19;10
Bloomberg;@business;2021-12-27T06:02:03.000Z;Director and producer Jean-Marc Vallée, who won an Emmy for directing the hit HBO series “Big Little Lies” and whose 2013 drama “Dallas Buyers Club” earned multiple Oscar nominations, has died. He was 58. (via AP) bloomberg.com 'Dallas Buyers Club' Director Jean-Marc Vallée Dead At 58 Los Angeles (AP) -- Director and producer Jean-Marc Vallée, who won an Emmy for directing the hit HBO series “Big Little Lies” and whose 2013 drama “Dallas Buyers Club” earned multiple Oscar nomina...;4;32
Bloomberg;@business;2021-12-27T04:16:02.000Z;China’s Industrial Firms’ Profits Slow on High Commodity Prices Profit growth at China’s industrial companies slowed in November to the weakest in more than a year as still-high commodity prices continued to hit profitability.;3;13
Bloomberg;@business;2021-12-27T04:07:32.000Z;Bitcoin Mining Entry Triggers a 6,700% Surge in Thai Tech Stock A world-beating share rally by a Thai technology company after it unveiled an expansion into Bitcoin mining has surprised even the firm’s chairman.;3;13
Bloomberg;@business;2021-12-27T03:47:02.000Z;Japan Offers Oil from Strategic Reserves Amid Coordinated Effort Japan is offering oil from its national reserves as other nations kick off a coordinated release from strategic stockpiles to rein in prices.;2;11
Bloomberg;@business;2021-12-27T03:45:06.000Z;Prices Set to Take Center Stage at Bank of Japan’s January Meet Bank of Japan board members are likely to pay closer attention to price trends at a meeting in January as they consider whether it still makes sense to flag downward risks for inflation.;2;6
Bloomberg;@business;2021-12-27T03:22:05.000Z;What You Need to Know About Web3, Crypto’s Attempt to Reinvent the Internet Enthusiasts say tokens can change computing. Is this the real deal or vaporware?;6;8
Bloomberg;@business;2021-12-27T03:20:05.000Z;China Begins City-Wide Disinfection of Xi’an to Fight Outbreak The western Chinese city of Xi’an has begun widespread disinfection measures since late Sunday to counter a jump in Covid infections that forced the lockdown of 13 million residents.;22;80
Bloomberg;@business;2021-12-27T03:15:43.000Z;Singapore to Require Vaccinations for Foreigners Working in City Singapore will require foreigners seeking to work, study or reside in the country to be vaccinated, as the business hub tightens some restrictions to prepare for an “inevitable” omicron wave.;14;29
Bloomberg;@business;2021-12-27T01:00:36.000Z;Sarah Weddington, Lawyer Who Successfully Argued Roe v. Wade, Dies At 76 Dallas (AP) -- Sarah Weddington, a Texas lawyer who as a 26 -year-old successfully argued the landmark abortion rights case Roe v. Wade before the U.S. Supreme Court, died Sunday. She was;7;23
Bloomberg;@business;2021-12-27T00:58:06.000Z;How China Beat Three U.S. Presidents to Dominate the Solar Industry China went all in on solar manufacturing and now produces three-quarters of the world’s supply.;12;23
Bloomberg;@business;2021-12-27T00:44:07.000Z;Singapore Adjusts Omicron Approach on Quarantines, Workplaces Singapore is adjusting its approach to managing omicron cases and will issue a seven-day health risk warning to close contacts of the variant rather than quarantining them for 10 days, the Ministry...;4;47
Bloomberg;@business;2021-12-27T00:07:03.000Z;‘Spider-Man’ Crosses $1 Billion to Lead Box Office for 2021 Spider-Man fans continued jamming theaters to see the newest installment of the superhero franchise, putting aside concerns about rising Covid-19 cases and pushing the film beyond the $1 billion mark...;10;48
Bloomberg;@business;2021-12-26T23:45:19.000Z;Major Storm Dumps Snow, Closes Mountain Routes in California Colfax, Calif. (AP) -- A major Christmas weekend storm caused whiteout conditions and closed key highways amid blowing snow in mountains of Northern California and Nevada, with forecasters warning...;6;11
Bloomberg;@business;2021-12-26T20:01:45.000Z;Coronavirus Can Persist for Months After Traversing Entire Body The coronavirus that causes Covid-19, SARS-CoV-2, can spread within days from the airways to the heart, brain and almost every organ system in the body, where it may persist for months, a study found.;12;47
Bloomberg;@business;2021-12-26T19:38:04.000Z;Many Women Exit Workforce for a Little-Talked About Reason It’s not every day that a FTSE 100 boss tells you about her nightly hot flashes.;3;11
Bloomberg;@business;2021-12-26T19:19:02.000Z;Trudeau Says China ‘Playing’ Western States Against Each Other Canadian Prime Minister Justin Trudeau said China has been “playing” Western states against each other and that democracies should present a “united front” in response.;36;80
Bloomberg;@business;2021-12-26T19:02:23.000Z;Curry, Warriors Beat Suns 116-107 to Regain Top Spot in NBA Phoenix (AP) -- The Golden State Warriors kept it close despite being short-handed, setting the stage for a player to take over down the stretch.;4;8
Bloomberg;@business;2021-12-26T18:40:45.000Z;Dining Out, Digitized Many restaurants dropped printed menus during the pandemic in favor of QR codes sending diners to online ordering platforms. Will eating out be the same?;4;10
Bloomberg;@business;2021-12-26T18:18:25.000Z;White House Isn’t Giving Up on Economic Package, Harris Says The Biden administration is seeking a path forward for its “Build Back Better” economic stimulus and social spending plan, Vice President Kamala Harris said Sunday.;23;24
Bloomberg;@business;2021-12-26T15:36:05.000Z;Xbox: The Oral History of an American Video Game Empire The original product was ungainly, over-budget and nearly canceled. Here’s how it became a hit and reshaped an industry.;3;10
Bloomberg;@business;2021-12-26T15:31:25.000Z;Fauci Warns of Complacency With Virus Set to Fill Hospitals Americans should stay vigilant against the omicron variant despite evidence its symptoms may be less severe because the volume of cases can still overwhelm hospitals, President Biden’s top medical...;30;39
Bloomberg;@business;2021-12-26T15:31:25.000Z;Holiday Sales Jump 8.5% as U.S. Consumers Return to Retailers U.S. holiday sales jumped 8.5% from last year as consumers spent more money on clothes, jewelry and electronics, a report from Mastercard SpendingPulse showed.;6;20
Bloomberg;@business;2021-12-26T15:12:06.000Z;Reactions to the Death of Former Archbishop Desmond Tutu Johannesburg (AP) -- Reactions to the death on Sunday of Nobel Peace Prize laureate and former Archbishop of Cape Town Desmond Tutu:;9;33
Bloomberg;@business;2021-12-26T14:45:31.000Z;Odd Lots Newsletter: It’s the Night After Christmas Welcome to the subscriber-only Odd Lots newsletter. Every week, Joe Weisenthal and Tracy Alloway bring you their thoughts on the most interesting developments in markets, finance and economics. Joe...;5;2
Bloomberg;@business;2021-12-26T14:31:56.000Z;Meme Madness, 68 New Highs: Superlatives Abound in 26% S&P Rally Superlatives followed one after another in 2021’s wild ride for U.S. stock investors.;11;15
Bloomberg;@business;2021-12-26T11:57:57.000Z;The Keys to a Successful Marriage, According to the Pope Rome (AP) -- Pope Francis is seeking to encourage married couples, acknowledging that the pandemic has aggravated some family problems but urging couples to seek help and always remember three key...;21;21
Bloomberg;@business;2021-12-26T11:42:44.000Z;German Industrial Engine Humming Though ‘It’s Not All Sunshine’ A majority of the small and medium-sized companies that power the German economy are in surprisingly good shape nearly two years into the coronavirus pandemic, according to a survey by consulting...;11;23
Bloomberg;@business;2021-12-26T11:38:43.000Z;Karolos Papoulias, Greek President in Austerity Era, Dies at 92 Karolos Papoulias, the former Greek resistance fighter who became president of the Hellenic Republic and helped the country form a government during the euro crisis, died on Sunday. He was 92.;13;28
Bloomberg;@business;2021-12-26T11:38:05.000Z;Businessweek’s 2021 Jealousy List All the stories we wish we wrote this year.;3;7
Bloomberg;@business;2021-12-26T11:23:08.000Z;Covid Variants, Supply Chain Chaos and an Insurrection Watched Around the World We look back at our defining events of the year and the photos that captured them.;6;11
Bloomberg;@business;2021-12-26T11:12:07.000Z;London Exodus Sees Record Spend on Homes Outside City, FT Says London residents spent the highest in a single year on housing outside the city in 2021, as people sought more living space during the coronavirus pandemic, the FT reported, citing an analysis of...;4;10
Bloomberg;@business;2021-12-26T10:44:05.000Z;Putin Praises U.S. Response to Security Proposals as ‘Positive’ Russian President Vladimir Putin praised what he described as a “positive” U.S. response to the Kremlin’s demands for legally binding security guarantees to defuse a stand-off over Ukraine as he...;3;29
Bloomberg;@business;2021-12-26T10:35:06.000Z;How a Year Full of Vaccine Promise Turned Into Another Covid Nightmare We look back at our defining events of the year and the photos that captured them.;10;17
Bloomberg;@business;2021-12-26T08:06:15.000Z;Anyone Seen Tether’s Billions? A wild search for the U.S. dollars supposedly backing the stablecoin at the center of the global cryptocurrency trade.;29;89
Bloomberg;@business;2021-12-26T07:28:27.000Z;JUST IN: Archbishop Desmond Tutu, who won the Nobel Peace Prize for his opposition to racial discrimination in South Africa, has died aged 90;15;140
Bloomberg;@business;2021-12-26T07:46:23.000Z;"“This is a moral universe; God is in charge of this world,” was a favorite saying of Desmond Tutu, who, as archbishop of Cape Town, liked to wear a T-shirt emblazoned: “Just Call Me Arch”";11;108
Bloomberg;@business;2021-12-26T07:43:53.000Z;Desmond Tutu, Apartheid Opponent Who Won Nobel Prize, Dies at 90 Archbishop Desmond Tutu, who won the Nobel Peace Prize for his opposition to racial discrimination in South Africa, has died. He was 90.;2;64
Bloomberg;@business;2021-12-26T07:16:14.000Z;The World’s Relentless Demand for Chips Turns Deadly in Malaysia Keeping supply chains running in the pandemic is putting ordinary people's lives at risk.;1;16
Bloomberg;@business;2021-12-26T06:51:18.000Z;Alex Jones' Wife Arrested on Domestic Violence Charge;26;25
Bloomberg;@business;2021-12-26T06:22:22.000Z;Rodgers Sets Team Record as Packers Hold Off Browns 24-22 Green Bay, Wis. (AP) -- Rasul Douglas and the Green Bay Packers’ pass defense didn't let the Cleveland Browns spoil Aaron Rodgers’ milestone day.;3;4
Bloomberg;@business;2021-12-26T06:18:50.000Z;China Reports Most Daily Local Infection Cases Since January;8;29
Bloomberg;@business;2021-12-26T06:18:14.000Z;UAE Intends to Remove Monopolies of Some Family Businesses: FT;2;30
Bloomberg;@business;2021-12-26T04:45:33.000Z;"These Are the 50 Best Bars in the World Right Now London is the place to drink, according to the World’s Best Bars list; the city took the top two spots this year.";3;15
Bloomberg;@business;2021-12-26T04:30:09.000Z;Reinventing Internal Job Boards to Fight the Great Resignation Big employers such as Unilever and Seagate are hiring talent-management startups to help employees find opportunities inside the company.;3;17
Bloomberg;@business;2021-12-26T04:22:04.000Z;3 Members of K-Pop Sensation BTS Diagnosed With Covid Three members of the K-pop superstar group BTS have been infected with the coronavirus after returning from abroad, their management agency said.;7;20
Bloomberg;@business;2021-12-26T04:22:04.000Z;Denis Shapovalov Tests Positive for Covid Ahead of ATP Cup Canada's Denis Shapovalov has announced he has tested positive for COVID-19 after arriving in Sydney for the ATP Cup.;5;13
Bloomberg;@business;2021-12-26T04:18:01.000Z;Airbnb Is Spending Millions of Dollars to Make Nightmares Go Away When things go horribly wrong during a stay—the company’s secretive safety team jumps in.;5;33
Bloomberg;@business;2021-12-26T04:00:05.000Z;Crypto Barrels Toward 2022 After Adding $1.5 Trillion in Value Digital assets had a breakout year in 2021 and prices took off, but there’s more to the story. Five key charts tell the tale.;3;18
Bloomberg;@business;2021-12-26T03:59:02.000Z;Moderna’s Next Act Is Using mRNA vs. Flu, Zika, HIV, and Cancer The biotech has reached a $100 billion market cap. But after Covid, the challenges get even bigger.;12;70
Bloomberg;@business;2021-12-26T03:47:06.000Z;Biden Is Hit With ‘Brandon’ Slur in Call With Military Families A traditional White House holiday call with military families ended awkwardly Friday when one father told President Joe Biden, “Let’s Go Brandon,” a slur used by some conservatives, and hung up after...;41;20
Bloomberg;@business;2021-12-26T01:54:28.000Z;Suicide Bomber Attacks Bar in Eastern Congo, Killing 6 Beni, Congo (AP) -- A suicide bomber attacked a restaurant and bar Saturday as patrons gathered on Christmas Day, killing at least six others in an eastern Congolese town where Islamic extremists are...;6;27
Bloomberg;@business;2021-12-26T01:49:55.000Z;World Economy Now Set to Surpass $100 Trillion in;13;54
Bloomberg;@business;2021-12-26T01:47:40.000Z;Parts of California Get a White Christmas After Snowfall;7;26
Bloomberg;@business;2021-12-26T01:36:20.000Z;When Will China Rule the World? Maybe Never Shrinking population, reform failure and international isolation may block its rise.;80;84
Bloomberg;@business;2021-12-26T01:00:10.000Z;These Companies Pollute the World More Than Entire Nations Some Chinese companies single-handedly create more carbon emissions than entire countries.;43;124
Bloomberg;@business;2021-12-25T23:07:38.000Z;Yemen President Fires Governor of Oil-Rich Shabwa Province;1;16
Bloomberg;@business;2021-12-25T22:30:42.000Z;With Didi seeking a Hong Kong listing less than a year after its tumultuous debut in New York, investors are looking for other U.S.-traded Chinese names that could potentially offer shares closer to home amid regulatory pressures;4;9
Bloomberg;@business;2021-12-25T22:14:00.000Z;MSCI, the largest ESG rating company, doesn’t even try to measure the impact of a corporation on the world. It’s all about whether the world might mess with the bottom line;5;10
Bloomberg;@business;2021-12-25T22:02:01.000Z;2021 in Graphics Here’s how we told some of 2021’s most important stories with charts, maps and visuals.;1;12
Bloomberg;@business;2021-12-25T21:43:53.000Z;Ghislaine Maxwell Turns 60 Behind Bars as Verdict Looms New York (AP) -- Ghislaine Maxwell reached her 60th birthday behind bars Saturday as she awaited the outcome of her sex trafficking trial.;6;9
Bloomberg;@business;2021-12-25T21:10:40.000Z;MapLab: The Cities Where Chain Restaurants Dominate Whether they’re boarded up, bustling or newly rebranded, restaurants are among the clearest symbols of the pandemic’s impact on urban economies. Nearly 17% of U.S. eateries shuttered permanently or...;3;27
Bloomberg;@business;2021-12-25T17:29:24.000Z;India to Vaccinate Teens, Provide Booster for Health Workers India will begin vaccinating teenagers from the ages of 15 to 18 from Jan. 3 and also administer booster vaccine doses for health-care workers a week later, as omicron-fueled Covid-19 cases spike,...;5;20
Bloomberg;@business;2021-12-25T17:15:59.000Z;German, Russian Officials to Meet to Discuss Ukraine: Reuters German Chancellor Olaf Scholz’s foreign policy adviser Jens Ploetner and Russia’s Ukraine negotiator Dmitry Kozak agreed to meet next month to try to reduce tensions over Ukraine, Reuters reported,...;4;21
Bloomberg;@business;2021-12-25T16:08:22.000Z;Death Toll in Massive Bangladesh Ferry Fire Rises to 40 Dhaka, Bangladesh (AP) -- Bangladeshi authorities buried 23 unclaimed bodies on Saturday after a day-long search failed to recover more victims or survivors of a massive fire on a crowded river ferry...;4;22
Bloomberg;@business;2021-12-25T13:05:22.000Z;Greece: Death Toll From Capsized Migrant Boat Rises to 16 Athens, Greece (AP) -- At least 16 people died after a migrant boat capsized in the Aegean Sea late Friday, bringing the three-day death toll from such shipwrecks in Greek waters to at least 30.;1;15
Bloomberg;@business;2021-12-25T12:50:07.000Z;On Christmas, Pope Prays for Vaccines for the Poor Rome (AP) -- Pope Francis prayed Saturday for an end to the coronavirus pandemic, using his Christmas Day address to urge health care for all, vaccines for the poor and for dialogue to prevail in...;21;39
Bloomberg;@business;2021-12-25T12:50:07.000Z;Norway Wealth Fund CEO Sees Market Weakness, Inflation Threat The head of Norway’s $1.4 trillion wealth fund said he expects a lengthy period of weakness in financial markets and warned that inflation could be the most significant challenge ahead.;1;30
Bloomberg;@business;2021-12-25T12:22:57.000Z;China’s Central Bank Vows Greater Support for Real Economy China’s central bank pledged greater support for the real economy, and said it will make monetary policy more forward-looking and targeted.;2;14
Bloomberg;@business;2021-12-25T12:16:02.000Z;Intel to Expand in France, Germany and Italy in Comeback Effort Intel Corp.’s global push to increase capacity will include adding facilities in France and Italy, as well as putting a major production site in Germany, according to people familiar with negotiati...;7;34
Bloomberg;@business;2021-12-25T12:04:25.000Z;Russia Blocks Website of Group That Tracks Political Arrests Moscow (AP) -- A Russian organization that tracks political arrests and provides legal aid to detainees said Saturday that government regulators blocked its website, the latest move in a months-long...;2;24
Bloomberg;@business;2021-12-25T09:47:43.000Z;Mali Denies Deployment of Mercenaries From Russia’s Wagner Group Mali denied any deployment of Russian mercenaries after Western allies said they’d seen members of the Wagner Group in the West African country.;8;14
Bloomberg;@business;2021-12-25T09:05:37.000Z;China Q&A Site Zhihu Is Said to Mull Hong Kong IPO: Paper Chinese question-and-answer website Zhihu Inc., which went public in the U.S. in March this year, is said to be considering another initial public offering in Hong Kong, local media the Paper...;4;6
Bloomberg;@business;2021-12-25T08:59:03.000Z;Rich Asian Families Are Pouring Millions Into Impact Investing I(x) Investments, a firm co-founded by Warren Buffett’s grandson, is among those turning East to put private capital to work addressing issues such as climate change.;6;11
Bloomberg;@business;2021-12-25T08:48:18.000Z;Russia Returns Some Troops to Base After Training Near Ukraine The Russian Defense Ministry said more than 10,000 troops would return to their permanent bases in the Southern Military District after over a month of training in the region, including in areas near...;12;39
Bloomberg;@business;2021-12-25T07:42:42.000Z;How Can I Protect a Child Too Young for a Covid-19 Vaccine? (AP) -- How can I protect a child too young for a COVID-19 vaccine?;12;10
Bloomberg;@business;2021-12-25T07:19:08.000Z;China Urged to Close Loopholes in Crypto Mining Ban;13;33
Bloomberg;@business;2021-12-25T04:57:24.000Z;Spanish King’s Annual Speech Warns Against Virus Complacency;4;11
Bloomberg;@business;2021-12-25T04:57:23.000Z;Christmas Boost: NBA Continues Quest for More Shots in Arms The NBA’s Christmas message to its teams was a refrain it has been using for weeks: Get boosted.;1;4
Bloomberg;@business;2021-12-25T04:50:40.000Z;Judge Upholds Ruling Against NYT Over Project Veritas Memos;3;17
Bloomberg;@business;2021-12-25T04:43:43.000Z;Apple Gets Dutch Antitrust Order to Open Up App Payments;2;22
Bloomberg;@business;2021-12-25T04:21:23.000Z;How TikTok Chooses Which Songs Go Viral The app’s hits seem to emerge organically, but the success of artists like Megan Thee Stallion reveals a highly managed curation process.;5;18
Bloomberg;@business;2021-12-25T03:45:05.000Z;Japan Defense Ministry Finds Security Threat in Hack;5;20
Bloomberg;@business;2021-12-25T02:59:02.000Z;Here’s Why So Many People Intend to Die With Money in the Bank Close to two-thirds say “saving as much as I can makes me feel happy and fulfilled.”;9;14
Bloomberg;@business;2021-12-25T01:16:04.000Z;Your Evening Briefing: Weaker Variant, New Drugs Bring Holiday Hope Get caught up.;5;24
Bloomberg;@business;2021-12-25T01:15:05.000Z;Airlines Scrap 1,000 U.S. Holiday-Weekend Flights as Covid Bites;4;25
Bloomberg;@business;2021-12-25T00:00:05.000Z;Everything We’ve Learned About Modern Economic Theory Is Wrong Ole Peters, a theoretical physicist in the U.K., claims to have the solution. All it would do is upend three centuries of economic thought.;8;33
Bloomberg;@business;2021-12-24T18:39:03.000Z;What Happened When Evanston Became America’s First City to Promise Reparations A hundred questions have arisen in the Illinois community, including whether the payments should be called reparations at all.;4;7
Bloomberg;@business;2021-12-24T17:27:04.000Z;Every Step of the Global Supply Chain Is Going Wrong — All at Once How Covid-19 broke the global supply chain.;7;29
Bloomberg;@business;2021-12-24T16:47:14.000Z;An Exclusive Look Inside Alex Rodriguez's Growing Business Empire Alex Rodriguez the investor has a plan to redeem A-Rod the baseball star.;9;5
Bloomberg;@business;2021-12-24T16:44:55.000Z;Massive Webb Telescope May See Close to the Beginning of Time Set to launch Christmas Day and peer back 13.5 billion years, the successor to Hubble could help answer some of humanity’s biggest questions.;12;29
Bloomberg;@business;2021-12-24T13:58:05.000Z;Pressure Mounts on India to Begin Boosters as Omicron Spreads India’s government faces a growing clamor from business leaders and public health experts to launch a Covid-19 booster drive and begin vaccinating children as the nation braces for a surge of...;6;9
Bloomberg;@business;2021-12-24T13:50:27.000Z;Christmas Shoppers Head to Market Towns Instead of London High Streets Shoppers heading to London’s West End for last-minute Christmas gifts are lagging the numbers flocking to market towns across the country, as omicron hits business in the U.K. capital.;3;9
Bloomberg;@business;2021-12-24T13:41:05.000Z;Shipping Chaos Teaches the World It Can’t Always Get What It Wants We look back at our defining events of the year and the photos that captured them.;3;17
Bloomberg;@business;2021-12-24T13:35:03.000Z;Russia Steps Up Pressure on Google With $98 Million Fine A Russian court slapped Alphabet Inc.’s Google with a fine of 7.2 billion rubles ($98 million) Friday for failing to remove banned content, the largest such penalty yet, as the authorities escalate a...;8;38
Bloomberg;@business;2021-12-24T13:21:04.000Z;Hawaii Bowl Canceled on Eve of Game After Hawaii Pulls Out About 30 Hawaii players and staff recently tested positive.;5;13
Bloomberg;@business;2021-12-24T11:14:00.000Z;Kenya’s Shilling Woes to Persist as it Weakens for a Second Year Kenya’s shilling has depreciated 3.5% to the dollar this year after a seven-month losing streak, adding to a 7.8% loss last year.;3;16
Bloomberg;@business;2021-12-24T10:52:05.000Z;THG Faces a Fresh Headache From a Spike in Gym Protein Prices A jump in protein prices is set to crimp margins at THG Plc, an analyst warned, a fresh headache for the U.K. e-commerce firm whose shares have slumped 71% this year.;2;8
Bloomberg;@business;2021-12-24T10:51:04.000Z;How Long Will Europe’s Gas Crisis Last? Traders Have an Answer For a glimpse of how much longer this year’s energy crunch is going to last, look no further than the European natural gas market.;5;6
Bloomberg;@business;2021-12-24T10:51:04.000Z;Israel Plan to Push Ahead With Fourth Covid Jab May Be Scuttled Israel’s plan to administer a fourth coronavirus vaccine dose to older adults and medical personnel may be delayed or abandoned if the country’s top health official fails to sign off on the program.;3;17
Bloomberg;@business;2021-12-24T10:33:12.000Z;Next Africa: Ethiopian Thoughts Turn to Aftermath of Civil War Welcome to Next Africa, a weekly newsletter of where the continent stands now — and where it's going next.;6;9
Bloomberg;@business;2021-12-24T10:32:34.000Z;Malaysia Premier Faces Twitter Backlash Over Flood Response Malaysians took to social media to protest Prime Minister Ismail Sabri Yaakob’s handling of severe floods that has left dozens dead and displaced more than 61,000 people with the “Do Not Donate To...;2;52
Bloomberg;@business;2021-12-24T09:58:02.000Z;European Stocks Trade Steady Ahead of Christmas on Thin Volume European equities were little changed ahead of the Christmas holiday amid thin trading volumes, with traders weighing risks from the omicron variant.;1;4
Bloomberg;@business;2021-12-24T08:00:17.000Z;Iconic Philippine Brands Ligo, Potato Corner Bought by Po Family Century Pacific Food Inc. and Shakey’s Pizza Asia Ventures Inc., owned by the Po family in the Philippines, are buying two household names in transactions that perked up the local deals scene a week...;4;14
Bloomberg;@business;2021-12-24T07:36:03.000Z;China Pushes Back on Strong Yuan With Record Run of Weak Fixings China set a weaker-than-forecast yuan fixing for a record 15th day on Friday as it seeks to curb currency gains that threaten to undermine its economic recovery.;5;32
Bloomberg;@business;2021-12-24T07:29:08.000Z;High-Flying Taiwan Stocks Set for Record Amid Tech Rebound One of Asia’s top-performing stock markets flirted with a record high, thanks to a global rebound in technology shares and enthusiasm from retail investors.;2;9
Bloomberg;@business;2021-12-24T07:22:06.000Z;Kraken Exchange CEO Wants You To Borrow Against Your CryptoPunk Kraken founder and Chief Executive Officer Jesse Powell says the cryptocurrency exchange is working on a non-fungible token marketplace that could appeal to customers who want to do more than just...;5;18
Bloomberg;@business;2021-12-24T07:16:06.000Z;United and Delta Cancel Around 200 Christmas Eve Flights United Airlines Holdings Inc. is canceling over 100 flights on Friday, the day before Christmas, while Delta Air Lines Inc. has cut about 90.;8;30
Bloomberg;@business;2021-12-24T06:56:06.000Z;Japan Sticks With Budget Balance Goal Despite Record Spending Japan is sticking for now with its goal to balance its budget by the end of March 2026 even after approving record spending for next year.;4;11
Bloomberg;@business;2021-12-24T06:50:06.000Z;Binance Appoints Singapore CEO as Middle East Head Richard Teng, who joined Binance Singapore as its chief executive officer four months ago, has taken on a new role as the global entity’s head for the Middle East and North Africa, according to his...;4;12
Bloomberg;@business;2021-12-24T06:48:03.000Z;TikTok Sued by Content Moderator Traumatized by Graphic Videos TikTok’s 10,000 content moderators are exposed to a regular diet of child pornography, rapes, beheadings and animal mutilation, according to a lawsuit filed against the video-sharing platform and its...;9;23
Bloomberg;@business;2021-12-24T04:44:08.000Z;Your Evening Briefing: Two Covid-19 Pills Present U.S. With a Dilemma Get caught up.;2;17
Bloomberg;@business;2021-12-24T04:31:07.000Z;Baltimore Police Officer Dies Days After Being Shot in Patrol Car Two men have been arrested and charged in her shooting.;5;13
Bloomberg;@business;2021-12-24T04:30:07.000Z;Canada Surpasses Record Immigration Goal of 401,000 Residents Canada has welcomed more than 401,000 permanent residents in 2021, achieving its goal set last year, and marking the highest immigration year on record.;92;263
Bloomberg;@business;2021-12-24T04:26:05.000Z;Stocks End Volatile Week at Record High on Confidence in Economy U.S. stocks set a new closing record Thursday, capping a holiday-shortened week with gains following encouraging reports about the economic risks posed by the omicron variant of Covid-19.;3;12
Bloomberg;@business;2021-12-24T04:09:06.000Z;Tom Barrack Prosecutors Cry Foul Over Him Paying Legal Fees for Aide Federal prosecutors in New York say Colony Capital Inc. founder Tom Barrack, who is accused of illegal lobbying, has created a potential conflict of interest by paying for the defense lawyers hired...;;14
Bloomberg;@business;2021-12-24T03:49:20.000Z;LATEST: United and Delta are canceling around 200 flights on Christmas Eve;27;191
Bloomberg;@business;2021-12-24T03:44:04.000Z;Australia Brings Forward Booster Shots Amid Omicron Outbreaks Australia has brought forward implementing third-dose booster shots for Covid-19 as the nation battles outbreaks of the omicron variant.;6;20
Bloomberg;@business;2021-12-24T02:03:00.000Z;Ecuador Imposes Vaccine Mandate Amid Rising Hospitalization Rate Ecuador’s Health Ministry has ordered the inoculation of people 5 years of age and older against Covid-19 in a bid to ward off the threat of a further spike of infections, forging ahead of the rest...;9;28
Bloomberg;@business;2021-12-24T01:44:26.000Z;South Korea to Pardon Former President Park Geun-hye South Korea’s government will grant a special pardon to former President Park Geun-hye, releasing her from prison after she spent nearly five years behind bars for corruption.;6;27
Bloomberg;@business;2021-12-24T01:44:03.000Z;U.S. Terminates Duty-Free Trade Access to Ethiopia Over Conflict Ethiopia’s duty-free export access to the U.S. has been revoked by President Joe Biden due to its failure to meet the requirements, according to the White House. The action comes after 13 months of...;6;18
Bloomberg;@business;2021-12-24T01:30:07.000Z;Sneakerheads Have Turned Jordans and Yeezys Into a Bona Fide Asset Class When the pandemic presented a buy-low opportunity, one college dropout hit the road and filled his truck with $200,000 worth of kicks.;6;5
Bloomberg;@business;2021-12-24T01:23:06.000Z;Officials Question San Francisco's Emergency Over Opioids San Francisco (AP) -- The Board of Supervisors in San Francisco were meeting Thursday to consider an emergency order requested by the mayor to tackle the opioid epidemic in the city's troubled...;12;18
Bloomberg Retweeted;@luxury;2021-12-24T01:00:15.000Z;Start Your Whiskey Collection With These 10 Bottles What to pour and what to store.;10;21
Bloomberg Retweeted;@wealth;2021-12-24T00:00:16.000Z;Tax Tactic of the Ultra-Wealthy: Split the Masterpiece in Two Fractional donations are gaining popularity with collectors who want financial benefits while still enjoying their fine works.;7;10
Bloomberg;@business;2021-12-24T00:54:02.000Z;White House Enlists Software Industry to Improve Open-Source Security White House officials are asking major software companies and developers to work with them to improve the security of open-source software, according to an administration official.;14;35
Bloomberg;@business;2021-12-23T22:24:36.000Z;Veteran San Francisco Fed Economist Glenn Rudebusch to Depart Glenn Rudebusch, executive vice president and senior policy advisor at the Federal Reserve Bank of San Francisco, will step down next month after a career spanning more than three decades at the U.S....;2;11
Bloomberg;@business;2021-12-23T22:14:05.000Z;Joan Didion, Novelist, Essayist and Cultural Icon, Dies at 87 Joan Didion, the American writer whose memoir “The Year of Magical Thinking” won the National Book Award for Nonfiction in 2005, has died. She was 87.;24;171
Bloomberg;@business;2021-12-23T21:53:06.000Z;The Evolution of Mutual Aid in New Orleans Community networks to support residents in disaster and sickness have been around since the 19th century. After Hurricane Ida, social media amplified the calls for aid.;3;12
Bloomberg;@business;2021-12-23T21:48:04.000Z;Tesla Disables Video Game Function in Cars That Triggered Probe Tesla Inc. is disabling a feature in its vehicles that allowed drivers and passengers to play video games while driving, a U.S. highway-safety regulator said Thursday, one day after opening a formal...;8;22
Bloomberg;@business;2021-12-23T20:46:02.000Z;Rutgers to Replace Texas A&M in Gator Bowl Vs. Wake Forest (AP) -- Rutgers will replace Texas A&M in the Gator Bowl against Wake Forest after an NCAA committee decided Thursday to adhere to an existing policy for making teams with 5-7 records bowl eligible.;5;10
Bloomberg;@business;2021-12-23T20:37:03.000Z;96 Elegant Holiday Gifts That Are Bursting With Color and Fun This year, when picking out treasures for everyone on your list, choose a tone that's anything but serious.;3;4
Bloomberg;@business;2021-12-23T20:34:06.000Z;Meta Drops Hunt for Democrat as Top Lobbyist, Keeps Republican Meta Platforms Inc. has abandoned its search for a Democrat to lead its U.S. public policy team, keeping Republican Kevin Martin in the role as the company formerly known as Facebook tries to...;5;16
Bloomberg;@business;2021-12-23T20:33:04.000Z;Inflation Trader Who Nailed 2021 Call Sees Risk of 7% U.S. CPI U.S. economic growth looks set to fuel inflation that’s even faster than most analysts anticipate in the first part of 2022, according to a trader who correctly picked this year’s jump in bond-market...;2;18
Bloomberg;@business;2021-12-23T20:30:05.000Z;NYC to Limit Crowds for New Year’s Eve Due to Covid Spike New York City is limiting crowds and adding more health and safety measures for revelers at the New Year’s Eve ball drop in Times Square amid a record surge of Covid-19 cases.;3;12
Bloomberg;@business;2021-12-23T20:27:02.000Z;SEC, Big East Alter Basketball Policies as COVID Cases Spike (AP) -- The Southeastern and Big East conferences have updated their policies for basketball game postponements, cancellations and rescheduling to provide more leniency for teams that are unable to...;4;7
Bloomberg;@business;2021-12-23T20:25:06.000Z;Omicron Study in U.K. Bolsters Evidence of Lower Hospital Risks Omicron appears to be less severe but more contagious than any other Covid-19 strain to date, a U.K. government study concluded, bolstering research that has shown a lower risk of hospitalization...;11;58
Bloomberg;@business;2021-12-23T20:12:06.000Z;Biden Supports Filibuster Change on Voting Rights as Last Resort President Joe Biden would support changing Senate filibuster rules to enact voting rights legislation as a last resort if Congress can’t do something otherwise, though there aren’t enough votes to do...;38;32
Bloomberg;@business;2021-12-23T20:04:04.000Z;A U.S. Economic Sage Bids Farewell in Poetic Fashion T’was the night before Christmas when an economic sage/Announced his retirement, having reached a certain age.;1;11
Bloomberg;@business;2021-12-23T18:45:15.000Z;France Has Record New Covid-19 Cases as Omicron Spreads French Covid-19 infections hit a record as the spread of the more easily transmissible omicron variant gathered pace across much of Europe.;4;27
Bloomberg;@business;2021-12-23T18:44:43.000Z;Ardonagh Nears Takeover of Insurance Broker MDS;3;6
Bloomberg;@business;2021-12-23T18:44:06.000Z;France, U.K., Partners Say Russia-Backed Wagner Deployed in Mali France, the U.K., Germany and 12 other governments with ties to Africa’s Sahel region said they have witnessed the deployment of Russian mercenaries of the Wagner force to Mali, and that Russia is...;5;19
Bloomberg;@business;2021-12-23T18:42:02.000Z;SEC Spurns Crypto Industry Again, Denying Two Spot-Bitcoin ETFs Regulators rejected a pair of proposals to offer physically-backed Bitcoin exchange-traded funds, handing crypto enthusiasts a proverbial bag of coal ahead of the Christmas holiday.;6;18
Bloomberg;@business;2021-12-23T18:27:03.000Z;Royal Caribbean Ship Skips Planned Stops on Covid Outbreak;5;25
Bloomberg;@business;2021-12-23T18:27:03.000Z;Saudi Who Claims Crown Prince Wants Him Killed Wins Evidence Order A U.S. judge ordered Air Canada and Lufthansa to preserve travel records for use as evidence by a former high-level Saudi official who claims Crown Prince Mohammed bin Salman is trying to have him...;10;120
Bloomberg;@business;2021-12-23T18:26:18.000Z;Canada to Join Mexico in Complaint Over U.S. Car-Origin Rules;2;12
Bloomberg;@business;2021-12-23T18:23:00.000Z;Activist Firm Jana Pushes for Sale of Mercury Systems;;10
Bloomberg;@business;2021-12-23T17:56:03.000Z;Merck Covid Pill Gains U.S. Clearance for High-Risk Adults;8;23
Bloomberg Retweeted;@Quicktake;2021-12-23T17:54:23.000Z;The Argentine branch of the Extinction Rebellion environmentalist group protested in Buenos Aires to raise awareness on the environmental effects of fast fashion during holiday shopping season;2;7
Bloomberg;@business;2021-12-23T17:52:05.000Z;U.S. Says Russia Must De-Escalate to Make Progress on Ukraine;9;18
Bloomberg Retweeted;@bponsot;2021-12-23T17:40:12.000Z;America’s Covid Swab Supply Depends on Two Cousins Who Hate Each Other The pandemic brought the business opportunity of a lifetime to Puritan Medical Products of Guilford, Maine. But even a $250 million infusion from the U.S. government has done little to quell an epic...;2;15
Bloomberg Retweeted;@bbgEquality;2021-12-23T17:42:11.000Z;Meghan Markle and Prince Harry Champion Paid Leave in Holiday Donations The Duchess of Sussex has been an outspoken advocate for federal paid family leave laws in the U.S.;19;126
Bloomberg;@business;2021-12-23T17:41:03.000Z;There's Been a Record Takeover Announced Every Day in 2021 Hi, it’s Ben Scent in London and Liana Baker in New York. Today in our Bloomberg Deals newsletter, we’re delving into one of the underlying trends that helped fuel a record $5 trillion in transacti...;;9
Bloomberg;@business;2021-12-23T17:40:10.000Z;CLO Transition to SOFR Gets Riskier On Volatility From Omicron The surge in Covid cases linked to the omicron variant adds another complication for managers of existing U.S. collateralized loan obligations that have some discretion over when they start using...;1;6
Bloomberg Retweeted;@wealth;2021-12-23T16:02:01.000Z;Berkshire’s Munger Says Now ‘Even Crazier’ Than Dotcom Bust Berkshire Hathaway Inc.’s Charlie Munger told a conference Friday that markets are wildly overvalued in places and that the current environment is “even crazier” than the dotcom boom of the late...;20;59
Bloomberg;@business;2021-12-23T17:07:03.000Z;Transcript: Larry Summers Gets His ‘Told You So’ Moment on Inflation The former Treasury secretary explains to Bloomberg’s Stephanie Flanders how he came to the conclusion U.S. prices would skyrocket.;9;13
Bloomberg;@business;2021-12-23T17:03:06.000Z;Myanmar Plans to Hold Fresh Election in August 2023, Junta Chief Says Myanmar’s military government is planning to hold a fresh general election in August 2023, junta chief Min Aung Hlaing was quoted as saying on state-broadcaster MRTV on Thursday.;6;15
Bloomberg;@business;2021-12-23T16:57:57.000Z;Americans’ Partisan Divide Over Inflation Widens to Biggest Ever Inflation in the U.S. has been rising at the fastest pace in decades. But ask consumers across political parties where prices are headed in the near future, and you’ll get entirely different outlooks.;2;15
Bloomberg;@business;2021-12-23T16:57:06.000Z;U.S. Clears Merck’s Covid Pill as It Weighs How to Ration Pfizer The U.S. has cleared its first two Covid-19 treatment pills, and now comes another hurdle -- deciding who should get which one.;2;16
Bloomberg Retweeted;@luxury;2021-12-23T16:37:25.000Z;A World’s Best Bartender Knows How to Mix the Perfect Holiday Drink Lynnette Marrero recreates her signature drink for at-home partiers.;;7
Bloomberg;@business;2021-12-23T16:56:03.000Z;A Second Morgan Stanley Trader Linked to FX Probe Leaves the Lender A Morgan Stanley currency trader, whose unit was tied to an internal probe into suspected mismarking in 2019, has left the firm, the second such departure in recent months.;;7
Bloomberg;@business;2021-12-23T16:54:06.000Z;Ten Year-End Charts: Part 2 Ten ideas that capture where we are right now in the effort to decarbonize the global economy.;1;4
Bloomberg;@business;2021-12-23T16:16:06.000Z;Wall Street Finally Learns It Can't Ignore Crypto and NFTs We look back at our defining events of the year and the photos that captured them.;2;9
Bloomberg;@business;2021-12-23T16:15:11.000Z;Europe’s Energy Crisis Deepens as Kosovo Rolls Out Power Cuts Europe is getting a taste of how bad this winter’s energy crisis could get as Kosovo starts cutting electricity supplies to most of its 2 million people.;9;66
Bloomberg Retweeted;@bbgEquality;2021-12-23T15:55:51.000Z;Big U.S. Cities Are Reversing Course on Policing With Elections Looming Mayors in New York, Chicago, and San Francisco look to a familiar force to reduce crime.;1;9
Bloomberg;@business;2021-12-23T16:11:11.000Z;Biden Signs Bipartisan Law Punishing China Over Uyghur Treatment;84;192
Bloomberg;@business;2021-12-23T16:08:06.000Z;Yale Delays Start of Spring Semester, Will Begin Classes Online Yale University is delaying the start of the spring semester and moving the first few weeks of classes online as the Covid-19 omicron strain spreads.;6;20
Bloomberg;@business;2021-12-23T16:04:07.000Z;Bitcoin-Owning Senator Lummis to Propose Crypto Overhaul Bill Next Year Wyoming Republican Senator Cynthia Lummis, one of the crypto industry’s staunchest supporters in Congress, is planning to introduce a comprehensive bill next year that would cover everything from how...;7;13
Bloomberg;@business;2021-12-23T15:38:03.000Z;South Africa Covid-19 Hospitalizations at 9,202 With 6.6% in ICU;4;16
Bloomberg;@business;2021-12-23T15:27:47.000Z;Consumer Sentiment in U.S. Increases on Improved Outlooks;4;11
Bloomberg Retweeted;@luxury;2021-12-23T15:20:09.000Z;Luxury Real Estate Trends From New York’s Best Sales Year Ever Record contracts. Record volume. And record sizes.;7;20
Bloomberg;@business;2021-12-23T15:25:03.000Z;Libor Is Dead, Almost! What It Was, What Comes Next;7;23
Bloomberg Retweeted;@bbgEquality;2021-12-23T15:24:04.000Z;FanDuel CEO Wants to Introduce More Women to Sports Betting A recent FanDuel ad features a character who appears often in commercials for sport-betting apps: a 20-something man staring nervously at his phone while following the final seconds of a game.;6;19
Bloomberg;@business;2021-12-23T15:23:06.000Z;California Solar Rule Changes Seen Speeding Up Battery Adoption;5;13
Bloomberg;@business;2021-12-23T15:21:51.000Z;U.S. New-Home Sales Jump in November to a Seven-Month High;4;11
Bloomberg;@business;2021-12-23T15:13:05.000Z;Kenya Drops Plan to Nationalize Struggling Airline, IMF Says Kenya’s government has scrapped a plan to fully nationalize the partly state-owned airline and is looking at other ways to safeguard money it has loaned the carrier, according to the International...;1;17
Bloomberg;@business;2021-12-23T15:09:03.000Z;Lawyers Question Why Maxwell Jury Only Heard From Four Accusers More than a hundred women have said they were abused by Jeffrey Epstein, but only four of them were called by prosecutors to testify in the sex-trafficking trial of Ghislaine Maxwell, his alleged...;22;37
Bloomberg Retweeted;@wealth;2021-12-23T14:28:57.000Z;Joe Biden’s Student-Loan Reprieve Eases $1.6 Trillion Worry, for Now Americans who were dreading the burden of resuming student-loan repayments in February got a reprieve from President Joe Biden, but they aren’t feeling entirely at ease yet.;2;7
Bloomberg;@business;2021-12-23T14:27:04.000Z;Crocs to Buy Shoe Brand Heydude for $2.5 Billion to Boost Growth Crocs Inc. agreed to buy casual-shoe brand Heydude for $2.5 billion, bolstering its fast-growing business of offbeat footwear.;4;17
Bloomberg;@business;2021-12-23T14:26:04.000Z;Turkish net foreign assets fell by nearly $6 billion early this week as President Erdogan unveiled plans to bolster the lira, suggesting Turkey made unannounced interventions in foreign-exchange markets;6;53
Bloomberg Retweeted;@luxury;2021-12-23T14:19:27.000Z;Kimbal Musk Wants to Disrupt Philanthropy With the Big Green DAO The decentralized autonomous organization is designed to get money into the hands of local groups that best know how to use it.;5;17
Bloomberg Retweeted;@wealth;2021-12-23T14:16:53.000Z;Hedge Funds and Private Equity Lure Billions From Rich Asians;9;24
Bloomberg;@business;2021-12-23T14:08:06.000Z;U.S. Jobless Claims Little Changed Last Week at Still-Low Level Applications for U.S. state unemployment benefits were little changed last week, suggesting historically low layoffs as the labor market continues to recover.;5;17
Bloomberg;@business;2021-12-23T13:23:06.000Z;Italy to Marginally Tighten Restrictions as Omicron Spreads Italy is set to marginally tighten Covid-19 restrictions, as Prime Minister Mario Draghi seeks to slow the spread of the omicron variant, which now accounts for almost a third of new cases in the...;8;27
Bloomberg;@business;2021-12-23T13:21:15.000Z;Local Assessors Seek Federal Help to Make Property Taxes Fairer Municipal officials want information from Fannie and Freddie’s appraisal database.;4;12
Bloomberg;@business;2021-12-23T13:13:00.000Z;MSCI, the largest ESG rating company, doesn’t even try to measure the impact of a corporation on the world. It’s all about whether the world might mess with the bottom line 0:;3;7
Bloomberg;@business;2021-12-23T13:11:07.000Z;Blessing Behind 72% Polish Bank Rally May Turn Into a Curse Fast rising interest rates, the key factor behind this year’s 72% rally in Polish bank stocks, could gradually turn into a strain on valuations in 2022.;3;10
Bloomberg Retweeted;@BW;2021-12-23T13:03:09.000Z;NEW COVER: Shopify’s Tobi Lütke has modeled himself the anti-Bezos—and transformed his quiet Canadian upstart into an e-commerce giant. How long will the formula keep working?;66;286
Bloomberg;@business;2021-12-23T13:02:07.000Z;Oracle May Have Found Big Tech’s Key to Unlocking Health Care Hi, this is Joe Williams, the new enterprise software reporter. Oracle may have figured out something other big tech companies missed when it comes to health care, but first…;2;15
Bloomberg;@business;2021-12-23T12:12:41.000Z;Five Things You Need to Know to Start Your Day Omicron risks become clearer, Biden’s challenges, and Ukraine pressure mounts.;5;9
Bloomberg;@business;2021-12-23T11:59:05.000Z;Energy Supplier Collapses Go Global as Prices Keep Rising Record-high power and gas prices have crippled energy suppliers worldwide, leaving some running at a loss and causing many to collapse altogether.;3;16
Bloomberg;@business;2021-12-23T11:59:04.000Z;Europe’s Energy Crunch Threatens to Nix Nascent Economic Revival European economies are facing a potentially crippling setback to their nascent recoveries if the worsening energy crunch forces many more factories to halt or curb operations.;2;11
Bloomberg;@business;2021-12-23T11:50:20.000Z;Russian President Vladimir Putin speaks about NATO and U.S. missile deployments during his annual news conference in Moscow. Read more: 2:;4;30
Bloomberg Retweeted;@BloombergUK;2021-12-23T11:21:36.000Z;Chelsea Owner Wins Changes From Publisher Over Putin Claims Roman Abramovich, the billionaire owner of Chelsea Football Club Ltd., reached a settlement with HarperCollins and the author of a book that claimed he was directed to buy the team by Russian...;2;11
Bloomberg;@business;2021-12-23T11:36:03.000Z;Africa’s Last Vaccine Holdout Still Not Sharing Virus Data Eritrea, the only African country not to have administered coronavirus vaccines, hasn’t shared any data with the Africa Centers for Disease Control and Prevention.;10;24
Bloomberg;@business;2021-12-23T11:34:04.000Z;Greece Tightens Measures in a Bid to Control Spread of Covid-19 Greece is expanding the use of masks and rapid tests to control the spread of Covid-19 in anticipation that the omicron variant will prevail in the coming weeks.;5;12
Bloomberg;@business;2021-12-23T10:27:03.000Z;Jon Turek on the Macro Outlook for 2022 What will come next after an extraordinary year;4;6
Bloomberg;@business;2021-12-23T10:27:03.000Z;The Year When Crypto Took Over the Headlines Bloomberg’s Stacy-Marie Ishmael discusses a wild year in crypto, and what she expects next;6;16
Bloomberg;@business;2021-12-23T10:26:06.000Z;Sony and Zee Want to Create $10 Billion Media Giant by End of 2022 The planned merger between Sony Group Corp.’s India unit and Zee Entertainment Enterprises Ltd. will create a media behemoth valued at about $10 billion unless hobbled by a courtroom feud underway...;3;10
Bloomberg;@business;2021-12-23T10:21:03.000Z;Bustling Bars, Surging Business: Dubai Sees a Post-vax Boom Dubai, United Arab Emirates (AP) -- Nations around the world are lurching into lockdown, steeling themselves for a brutal surge as the omicron variant spreads like wildfire.;5;17
Bloomberg;@business;2021-12-23T09:56:11.000Z;JUST IN: A car bomb explodes outside the office of the main passport department in Kabul, police say;4;21
Bloomberg;@business;2021-12-23T09:46:34.000Z;The 10 Most Memorable Wines That I Drank This Year A 45-year-old Champagne and a Chinese red make our wine critic’s list of Top 10 wines.;6;6
Bloomberg;@business;2021-12-23T09:25:06.000Z;EU to Weigh Legal Measures in Brexit Fishing Spat Early January France’s junior minister for European Union affairs, Clement Beaune, said the bloc’s commissioners will meet in early January to decide on legal steps against the U.K. as a post-Brexit row over...;5;9
Bloomberg;@business;2021-12-23T09:23:02.000Z;Spain Revises Economic Growth Sharply Higher After Data Doubts Spain’s economy grew more than initially thought in the third quarter -- suggesting the recovery gathered pace in the second half of the year, albeit before the emergence of the coronavirus’s omicron...;5;15
Bloomberg;@business;2021-12-23T08:25:03.000Z;Japan Finds Another Case of Community Spread of Omicron in Kyoto Japan found another case of community spread of the coronavirus omicron variant in Kyoto prefecture, a day after neighboring Osaka prefecture confirmed first such spread in the nation.;5;14
Bloomberg;@business;2021-12-23T08:23:11.000Z;European stocks climb for a third day as the latest coronavirus studies fueled optimism that economic growth can withstand omicron risks;8;25
Bloomberg;@business;2021-12-23T07:58:37.000Z;JUST IN: A third dose of AstraZeneca's Covid-19 vaccine significantly boosts neutralizing antibody levels against omicron, according to lab studies at the University of Oxford;28;177
Bloomberg;@business;2021-12-23T07:58:03.000Z;Europe’s Energy Crunch, Brit Spending, U.S. Recovery: Eco Day Welcome to Thursday, Europe. Here’s the latest news and analysis from Bloomberg Economics to help you start the day:;4;9
Bloomberg;@business;2021-12-23T07:54:06.000Z;Japan Falls Short on Tackling Climate Change, Top Official Says A top Japanese official said the country is falling short of international expectations to tackle climate change because it’s not shifting away from fossil fuels fast enough.;8;26
Bloomberg;@business;2021-12-23T07:54:06.000Z;Lotte Group Weighs $1.6 Billion Sale of China Theme Park Lotte Group is considering offloading its stalled theme-park project in northeastern China for at least 10 billion yuan ($1.6 billion), according to people familiar with the matter.;3;19
Bloomberg;@business;2021-12-23T07:45:11.000Z;Russia Builds Up Forces Near Ukraine Even as U.S. Offers Talks Russia is continuing to build up forces close to Ukraine even as it’s preparing for security talks with the U.S., keeping up pressure with a deployment that could turn into a rapid invasion or a...;18;38
Bloomberg;@business;2021-12-23T07:29:04.000Z;Why Making More Chips Is So Hard “It’s not rocket science. It’s harder.”;2;36
Bloomberg;@business;2021-12-23T05:44:06.000Z;China Cements Rare Earths Dominance With New Global Giant China formed a rare-earths giant by merging some key producers, creating a behemoth that will strengthen its control over the global industry it has dominated for decades.;8;48
Bloomberg;@business;2021-12-23T05:37:02.000Z;How to Park Your Supercar Like a Pro Auto experts share their secrets.;8;17
Bloomberg;@business;2021-12-23T05:32:05.000Z;Artist Threatens to Sue Over ‘Brutal’ Hong Kong Statue Removal The Danish creator of a sculpture commemorating the 1989 Tiananmen Square crackdown has threatened to sue the University of Hong Kong over its removal of his artwork.;25;179
Bloomberg;@business;2021-12-23T05:22:02.000Z;NatWest Group Hit With Spoofing Lawsuit After Pleading Guilty NatWest Group Plc. was sued by three trading firms over manipulation of security futures, a day after the bank pleaded guilty to wire and securities fraud and agreed to pay $35 million in penalties.;6;16
Bloomberg;@business;2021-12-23T05:15:06.000Z;Manager Who Gained 85% on Distressed Debt Says Beware Evergrande A top performing distressed debt investor says he’s avoiding China Evergrande Group, citing risks from the developer’s heavily discounted asset disposals and liabilities that may not be fully...;2;9
Bloomberg;@business;2021-12-23T05:13:02.000Z;Citigroup to Sell Philippines Consumer Assets to Union Bank Union Bank of the Philippines will buy Citigroup Inc.’s consumer banking assets in the Southeast Asian country for a cash consideration plus a premium of 45.3 billion pesos ($904 million).;4;23
Bloomberg;@business;2021-12-23T04:56:04.000Z;Uber Ex-Security Chief Faces Additional Charges Uber Technologies Inc.’s former chief security officer Joseph Sullivan faces a new wire fraud charges in addition to earlier charges related to covering up a 2016 data breach that compromised the...;3;14
Bloomberg;@business;2021-12-23T04:31:05.000Z;Worker Wages Loom, Money Manager Shuns Bonds: Evergrande Update China’s property firms are set for a difficult January as authorities in Beijing pressure the industry to pay millions of workers on time.;2;13
Bloomberg;@business;2021-12-23T02:20:03.000Z;China’s Yuan Is Propelling Emerging Currencies Like Never Before The Chinese yuan is having a greater impact on its emerging-market counterparts than ever before and may play a crucial role in determining their performance in the coming year.;2;18
Bloomberg;@business;2021-12-23T02:16:02.000Z;Japan’s Focus on Wealth Equality Rattles Dream of Finance Hub;3;37
Bloomberg;@business;2021-12-23T02:05:04.000Z;Tesla Seeks First U.S. Battery Graphite With Syrah Supply Deal Tesla Inc. has agreed to take the majority of battery-ready graphite from a production facility planned in Louisiana, as it races to secure supplies of the key material in a market dominated by China.;5;31
Bloomberg;@business;2021-12-23T01:53:02.000Z;Australia's New South Wales Records 5,715 New Covid-19 Cases The Australian state of New South Wales reported 5,715 new Covid-19 cases in the past 24 years. Meanwhile, Prime Minister Scott Morrison on Wednesday urged the country’s state and territory leaders...;15;15
Bloomberg;@business;2021-12-23T01:53:02.000Z;SciPlay Plunges 21% After Sale Talks With Scientific Games End SciPlay Corp., the maker of mobile and web games such as Jackpot Party Casino, fell as much as 21% in extended trading after ending talks to sell out to majority owner Scientific Games Corp., a large...;2;7
Bloomberg;@business;2021-12-23T01:49:01.000Z;Ritzy NYC Tower Developer Says Residents’ Lawsuit ‘Ill-Advised’ The developers of a Manhattan skyscraper that has become one of New York City’s toniest residences said the condo board is trying to squeeze money out of them with a lawsuit that claims bogus design...;2;12
Bloomberg;@business;2021-12-23T01:41:02.000Z;Energy Beats the Broader Market for the First Time in Five Years Divesting from oil and gas has been a profitable trade for the last couple of years. Now, for the first time since 2016, investors who held on to energy shares are poised to outperform the broader...;9;16
Bloomberg;@business;2021-12-23T01:40:08.000Z;Quebec Sees 40% Jump in Covid Cases in 24 Hours Quebec expects its daily Covid infections tally to jump 40% in just 24 hours, confirming its status as Canada’s virus hot spot once again as it multiplies measures to slow down hospitalizations.;15;38
Bloomberg;@business;2021-12-22T23:42:08.000Z;The Best and Worst Places to Be in Covid as Winter Meets Omicron Bloomberg measured travel, vaccine coverage, lockdown disruption and mortality rates.;9;14
Bloomberg;@business;2021-12-22T23:31:07.000Z;NYC Sees Jail ‘Crisis’ on Positive-Test Rates Over 17% at Rikers Department of Correction chief asks courts, public defenders to help limit jail population amid the rapid spread of omicron;4;13
Bloomberg;@business;2021-12-22T23:24:03.000Z;Wall Street Ends Crazy Year With Existential Angst and Big Bonuses The biggest U.S. banks are making more money than ever, but finance veterans are ‘unsettled and ill at ease.’;6;13
Bloomberg;@business;2021-12-22T23:09:02.000Z;CES Presses Ahead With In-Person Tech Conference Despite Dropouts;4;9
Bloomberg;@business;2021-12-22T23:05:42.000Z;Apple Shuts at Least Seven Stores Since Tuesday Amid Covid Surge Apple Inc. temporarily shuttered at least seven retail stores in the U.S. and Canada over the past day as Covid-19 cases among employees surge.;5;28
Bloomberg;@business;2021-12-22T22:53:09.000Z;Maxwell Faces Grim 60th as Jury Goes on Break Without Verdict Ghislaine Maxwell will mark her 60th birthday in jail.;6;15
Bloomberg;@business;2021-12-22T22:27:06.000Z;Where Did Marcos Hide His $10 Billion Fortune? Almost 30 years ago, an American court ruled that victims of the Ferdinand Marcos regime in the Philippines should be compensated. The money was very well hidden.;11;25
Bloomberg Retweeted;@wealth;2021-12-22T21:58:03.000Z;Bloomberg Wealth: Your Money in the Metaverse What’s your financial plan for the metaverse?;3;9
Bloomberg;@business;2021-12-22T22:03:03.000Z;GOP’s Jim Jordan Is Asked by Jan. 6 Panel to Explain Trump Talks The House committee investigating the Jan. 6 insurrection at the U.S. Capitol on Wednesday asked Ohio Representative Jim Jordan to voluntarily agree to a meeting.;13;16
