The New York Times;@nytimes;2021-12-07T12:00:14.000Z;Volunteer Dies After a Sheep Charges at Her on a Therapy Farm Kim Taylor, 73, went into cardiac arrest after being attacked while caring for livestock at a Massachusetts farm, the police said.;41;71
The New York Times;@nytimes;2021-12-07T11:45:03.000Z;The Elusive Truth Behind the Attack on a French Soccer Star The assault of a top women’s player made headlines, with masked men, a metal bar and a teammate arrested. But weeks later, new details suggest the original story might have been wrong.;12;40
The New York Times;@nytimes;2021-12-07T11:30:02.000Z;Michael Steinhardt, Billionaire, Surrenders $70 Million in Stolen Relics The hedge fund pioneer is barred for life from buying more antiquities. He turned over 180 stolen objects that had decorated his homes and office.;46;163
The New York Times;@nytimes;2021-12-07T11:15:04.000Z;Instagram Says Parental Controls Will Arrive in March Adam Mosseri, the head of the company, is expected to face questions from lawmakers this week about whether social media harms children.;16;60
The New York Times;@nytimes;2021-12-07T11:00:18.000Z;Biden’s Supreme Court Commission Prepares to Vote on Final Report A draft version of the document flagged deep disputes over court expansion while exploring how phasing in term limits might work.;24;40
The New York Times;@nytimes;2021-12-07T10:45:08.000Z;Ahead of Biden’s Democracy Summit, China Says: We’re Also a Democracy Beijing argues that its system represents a distinctive form of democracy, one that has dealt better than the West with challenges like the pandemic.;53;42
The New York Times;@nytimes;2021-12-07T10:30:05.000Z;Best Movies of 2021 Even when a film wasn’t great, filmgoing was. But there were some truly wonderful releases, ranging from music docs and musicals to westerns and the just plain weird.;10;31
The New York Times;@nytimes;2021-12-07T10:00:11.000Z;Chanel, TikTok and the Beauty Advent Calendar Controversy Some social media users are not feeling the Christmas spirit — or this box of mini lipsticks and branded stickers.;9;34
The New York Times;@nytimes;2021-12-07T09:30:07.000Z;Trevor Noah Suggests Sending Marjorie Taylor Greene to Beijing “If you want to get back at China, you have Marjorie Taylor Greene in the stands,” Noah said of the U.S. diplomatic boycott of the Olympics.;16;22
The New York Times;@nytimes;2021-12-07T09:00:12.000Z;Can Germany’s New Chancellor Revive the Left in Europe? Olaf Scholz wants to win back workers who defected to the populist far right. Success could make him a model for Social Democrats everywhere.;21;49
The New York Times;@nytimes;2021-12-07T04:10:03.000Z;How the Supply Chain Crisis Unfolded The highly intricate and interconnected global supply chain is in upheaval, and in one way or another, much of the crisis can be traced to the outbreak of Covid-19.;32;178
The New York Times;@nytimes;2021-12-07T03:50:03.000Z;Drake Removes Himself From Competition for 2022 Grammy Awards The superstar rapper and singer, long a critic of the awards, was nominated in two categories, best rap album and best rap performance.;63;87
The New York Times;@nytimes;2021-12-07T03:30:05.000Z;Opinion | A Glimmer of Justice in Death Penalty States The halting of executions and the guilty verdicts in the Ahmaud Arbery case have given us the slightest bit of hope for change.;19;29
The New York Times Retweeted;@EricDavisMiddVT;2021-12-07T01:58:32.000Z;Biden Expected to Offer Warnings and Alternatives in Call With Putin President Biden will hold a high-stakes video call with Vladimir V. Putin of Russia on Tuesday.;14;12
The New York Times;@nytimes;2021-12-07T00:30:15.000Z;A company called Air Ghislaine bought a helicopter with $7 million of Jeffrey Epstein’s money.;18;68
The New York Times;@nytimes;2021-12-07T00:15:07.000Z;Drake's withdrawal from the 2022 Grammy Awards is the latest complication for the Recording Academy, which has struggled to prevent an exodus among artists who have complained about a poor win record for Black artists in the most prestigious categories.;103;205
The New York Times Retweeted;@davidenrich;2021-12-06T23:02:54.000Z;Trump’s Media Company Is Investigated Over Financing Deal A financing company told investors that it wasn’t in deal talks, weeks after its C.E.O. held a private videoconference about a possible deal with Donald Trump.;85;366
The New York Times;@nytimes;2021-12-07T00:00:02.000Z;Omicron Is Fast Moving, but Perhaps Less Severe, Early Reports Suggest Researchers in South Africa, where the variant is spreading quickly, say it may cause less serious Covid cases than other forms of the virus, but it is unclear whether that will hold true.;39;73
The New York Times;@nytimes;2021-12-06T23:45:02.000Z;Chris Cuomo says he will end his radio show, two days after CNN firing. The anchor was dismissed by CNN over the weekend amid an inquiry over help he gave his brother and after an allegation of sexual misconduct, which he denies.;55;64
The New York Times;@nytimes;2021-12-06T23:30:05.000Z;Devin Nunes Will Quit the House to Take Over Trump’s Media Company The California Republican, who emerged as one of Donald J. Trump’s most pugnacious defenders, chose a Trump media firm over a potentially powerful new post in Congress.;319;156
The New York Times;@nytimes;2021-12-06T23:15:04.000Z;Justice Department Closes Emmett Till Investigation Without Charges The department said it could not corroborate a book’s claim that a central witness had recanted her statements about Emmett, a Black teenager killed by two white men in 1955.;62;228
The New York Times;@nytimes;2021-12-06T23:00:19.000Z;Grammys Remove Taylor Swift and Others From Olivia Rodrigo Nomination Swift, Jack Antonoff and St. Vincent are credited on “Sour,” but the awards don’t count interpolations — rerecorded quotations from other songs — toward album of the year consideration.;11;64
The New York Times;@nytimes;2021-12-06T22:45:01.000Z;Are You an Older American Weathering the Pandemic? Share Your Story We want to hear from you.;40;29
The New York Times;@nytimes;2021-12-06T22:30:09.000Z;France is closing nightclubs for four weeks, officials said on Monday, saying that a large share of new infections were in young people, and that it was difficult to wear masks in clubs.;44;171
The New York Times;@nytimes;2021-12-06T20:30:11.000Z;‘Just Total Chaos’: Floods Bring Death and Devastation to Dairies Near-record flooding in Washington State drowned cattle, demolished homes and damaged equipment. Broken supply chains are making it even harder to recover.;5;20
The New York Times;@nytimes;2021-12-06T20:20:04.000Z;Toyota will spend $1.3 billion on a N.C. electric car battery plant. The plant, which will employ 1,750 people, will be located outside of Greensboro.;12;91
The New York Times;@nytimes;2021-12-06T20:10:03.000Z;Stricter coronavirus testing rules take effect for travelers flying to the U.S. Inbound travelers must now show a negative result from a test taken no more than a day before departure, a requirement some say may be hard to satisfy.;42;105
The New York Times;@nytimes;2021-12-06T20:00:10.000Z;Exxon Mobil aims for net-zero emissions from its operations in the Permian Basin by 2030. Exxon plans to reduce greenhouse gas emissions across its business, bit its goal does not include offsetting emissions from its customers, such as car and truck owners and airlines.;16;25
The New York Times;@nytimes;2021-12-06T19:50:11.000Z;Without Roe v. Wade, legislatures in 22 states would almost certainly move to ban or substantially restrict access to abortion.;94;230
The New York Times;@nytimes;2021-12-06T19:41:16.000Z;Justice Dept. Files Voting Rights Suit Against Texas Over New Map The department said the state’s redistricting plan would violate the Voting Rights Act by discriminating against minority voters.;63;212
The New York Times;@nytimes;2021-12-06T19:40:01.000Z;Hawaii Braces for More Rain as Storm Lashes Region Some parts of the islands could see as much as 25 inches of rain through Tuesday, meteorologists said.;5;61
The New York Times;@nytimes;2021-12-06T16:00:13.000Z;Procrastinar no es un asunto de holgazanería, sino de manejo de las emociones (Published 2019) Postergar las tareas pendientes no es una incapacidad para administrar el tiempo, sino una manera de enfrentar las emociones desafiantes y estados de ánimo negativos generados por ciertas responsab...;8;50
The New York Times;@nytimes;2021-12-06T15:55:07.000Z;Three of a Group of Missionaries Kidnapped in Haiti Have Been Released The U.S. Christian aid group said three more people were released from a group of 17 that had been kidnapped by a gang in Haiti. Two had been released last month.;10;37
The New York Times;@nytimes;2021-12-06T15:53:26.000Z;Inside Tesla as Elon Musk Pushed an Unflinching Vision for Self-Driving Cars The automaker may have undermined safety in designing its Autopilot driver-assistance system to fit its chief executive’s vision, former employees say.;23;53
The New York Times;@nytimes;2021-12-06T15:53:26.000Z;Amnon Shashua, chief executive of Mobileye, a former Tesla supplier, said Musk might exaggerate the capabilities of the company's technology, but that those statements shouldn't be taken too seriously.;14;28
The New York Times;@nytimes;2021-12-06T14:15:02.000Z;San Francisco Restaurant Apologizes for Asking 3 Police Officers to Leave The uniformed officers had just sat down when staff members asked them to leave because the workers felt uncomfortable about the officers’ weapons, the restaurant said.;186;91
The New York Times Retweeted;@WinnHu;2021-12-06T12:14:49.000Z;Why New York Is Unearthing a Brook It Buried a Century Ago A plan to “daylight” Tibbetts Brook in the Bronx would be one of the city’s most ambitious green infrastructure improvements.;14;64
The New York Times;@nytimes;2021-12-06T14:00:13.000Z;Aung San Suu Kyi Falls, but Myanmar’s Democratic Hopes Move On The ousted civilian leader faces years in custody after being sentenced on the first of several charges. In her absence, a new generation of younger, more progressive politicians is emerging.;12;44
The New York Times;@nytimes;2021-12-06T13:50:03.000Z;A cruise ship returns to New Orleans with 17 Covid cases aboard. The Norwegian Cruise Line ship, carrying more than 3,200 people, made stops in Belize, Honduras and Mexico. A crew member probably has the Omicron variant, health officials said.;82;142
The New York Times;@nytimes;2021-12-06T13:45:03.000Z;The Trial of Ghislaine Maxwell After the death of Jeffrey Epstein, what kind of justice is possible without him?;52;79
The New York Times;@nytimes;2021-12-06T13:35:03.000Z;China Nears a Reckoning as Property Firms Face Tough Deadlines Evergrande and Kaisa must come up with hundreds of millions of dollars in days. Beijing sought to reassure markets overall, but signaled it might let Evergrande fail.;27;54
The New York Times;@nytimes;2021-12-06T06:20:20.000Z;Live Updates: Myanmar Court Set to Announce First Verdicts in Aung San Suu Kyi Trial;130;655
The New York Times;@nytimes;2021-12-06T06:45:39.000Z;Myanmar’s ousted president and the capital’s mayor face verdicts, too.;34;108
The New York Times;@nytimes;2021-12-06T08:41:03.000Z;A range of charges that Aung San Suu Kyi’s supporters see as aimed at ending her political career.;48;249
The New York Times Retweeted;@KeithBradsher;2021-12-06T05:59:16.000Z;When the Biggest Spenders Aren’t Coming Back Any Time Soon Even before Omicron’s arrival, China was discouraging its citizens from traveling abroad. That has had a huge impact on global tourism.;10;44
The New York Times;@nytimes;2021-12-06T07:00:08.000Z;The 10 Best Podcasts of 2021 Shows about Chippendales, a notorious Hollywood bomb, the search for the perfect pasta shape and the immediate aftermath of 9/11 are among those worthy of your attention.;28;58
The New York Times;@nytimes;2021-12-06T06:27:04.000Z;Norodom Ranariddh, Royal Player in Cambodian Politics, Dies at 77 He rode a wave of royalist sentiment to win a United Nations-sponsored election in 1993, but was later ousted in a power struggle with his co-prime minister.;10;32
The New York Times;@nytimes;2021-12-06T01:00:17.000Z;13 Gifts That’ll Last Forever (or Extremely Close) The most appreciated gifts aren’t the trendiest ones—they’re the ones that last forever. These are our picks for buy-it-for-life gifts.;13;29
The New York Times Retweeted;@NYTBen;2021-12-05T21:28:26.000Z;On Syria’s Ruins, a Drug Empire Flourishes Powerful associates of Syria’s president, Bashar al-Assad, are making and selling captagon, an illegal amphetamine, creating a new narcostate on the Mediterranean.;32;273
The New York Times;@nytimes;2021-12-06T00:30:08.000Z;From Dave Grohl to Bessie Smith, New Books on Music’s Iconoclasts Memoirs from John Lurie and Stevie Van Zandt, a biography of Aaliyah and more.;7;38
The New York Times;@nytimes;2021-12-06T00:15:04.000Z;A Bitcoin Boom Fueled by Cheap Power, Empty Plants and Few Rules Cryptocurrency miners are flocking to New York’s faded industrial towns, prompting concern over the environmental impact of huge computer farms.;39;95
The New York Times;@nytimes;2021-12-06T00:00:22.000Z;This Season’s Pop-Culture Memoirs, From Will Smith to Elvira Lisa Schwarzbaum reviews a selection of books that also includes Wil Haygood’s “Colorization,” which qualifies as “an invaluable national memoir.”;11;20
The New York Times;@nytimes;2021-12-05T23:30:13.000Z;What’s Driving Putin’s Ukraine Brinkmanship? There are tactical reasons for threatening an invasion, but the real cause may lie in the Kremlin’s fixation with righting what it sees as a historical injustice.;153;169
The New York Times;@nytimes;2021-12-05T20:00:28.000Z;Ex-Senator David Perdue to Run for Governor of Georgia Mr. Perdue, an ally of Donald Trump, will challenge the incumbent governor, Brian Kemp, in a Republican primary.;335;521
The New York Times;@nytimes;2021-12-05T19:50:02.000Z;Denzel Washington, Man on Fire The actor never leans in — he’s all in. And in his latest, “Macbeth,” conjured by Joel Coen, he is as sharp and deadly as a dagger.;57;493
The New York Times;@nytimes;2021-12-05T19:30:05.000Z;Pope, on Lesbos, Laments That for Migrants, ‘Little Has Changed’ At a Greek refugee camp, Francis sought to restore compassion for asylum seekers, whose plight he called a “shipwreck of civilization.”;35;131
The New York Times Retweeted;@juliebosman;2021-12-05T15:58:05.000Z;Before Even Receiving a Name, Omicron Could Have Spread in New York and the Country A health care analyst came to Manhattan for an anime convention. His trip shows how the virus once again outpaced the public health response.;13;41
The New York Times;@nytimes;2021-12-05T19:10:05.000Z;Australia’s Parliament closes its doors after a staff member tests positive.;23;45
The New York Times Retweeted;@sameeryasir;2021-12-05T14:48:17.000Z;Anger Spreads in Northeastern India After Security Forces Kill 14 Civilians Eight mine workers were shot in a mistaken ambush by soldiers seeking insurgents, and six protesters died later in clashes with government forces, stoking fears of further violence in the restive...;6;52
The New York Times;@nytimes;2021-12-05T16:30:19.000Z;Fatalities Reported After Military Truck Rams Protesters in Myanmar Witnesses said soldiers also fired into the crowd and kicked wounded demonstrators, the latest in a series of confrontations in which the military’s behavior has infuriated citizens.;29;66
The New York Times Retweeted;@katie_robertson;2021-12-04T18:32:27.000Z;Condé Nast Knows Faded Glory Is Not in Style Anna Wintour is the embodiment of the glory days of the magazine dynasty. Now she is pitching its global, digital future.;10;51
The New York Times;@nytimes;2021-12-05T16:20:08.000Z;CNN Fires Chris Cuomo After New Details on Help He Gave His Brother “We retained a respected law firm to conduct the review, and have terminated him, effective immediately,” the cable network said on Saturday.;87;80
The New York Times;@nytimes;2021-12-05T16:00:05.000Z;He Never Touched the Murder Weapon. Alabama Sentenced Him to Die. Nathaniel Woods was unarmed when three Birmingham police officers were fatally shot by someone else in 2004. But Woods, a Black man, was convicted of capital murder for his role in the deaths of the...;70;463
The New York Times;@nytimes;2021-12-05T16:04:45.000Z;In Alabama, a Death Sentence for a Man Who Never Pulled the Trigger A New York Times documentary examines the case of Nathaniel Woods, who was sentenced to death for his role in the murders of three Birmingham police officers fatally shot by someone else.;13;54
The New York Times;@nytimes;2021-12-05T12:20:03.000Z;Inside a Terrarium, It’s Always Gardening Season As winter closes in, there’s at least one place where plants will still grow: a terrarium. Here’s how to get started on yours.;33;61
The New York Times;@nytimes;2021-12-05T11:20:04.000Z;Why Does Coffee Make Me Poop? It’s not clear why coffee can stimulate a bowel movement, but the speed of this effect suggests it’s mediated by the brain.;78;186
The New York Times;@nytimes;2021-12-05T10:21:06.000Z;How to Carry Your Covid Health Data on a Smartphone To plan for safe travels and gatherings this holiday season, here are some simple ways to take your Covid-related health data with you.;39;42
The New York Times;@nytimes;2021-12-05T09:50:06.000Z;Opinion | Is Holiday Gift-Giving Really Worth It? December’s materialism can feel perfunctory.;63;95
The New York Times;@nytimes;2021-12-05T09:50:04.000Z;The New Rules for Hosting That Holiday Party If the 2020 holiday season was the year to cancel everything, 2021 is about figuring out how to get our groove back.;18;32
The New York Times;@nytimes;2021-12-05T09:20:04.000Z;Are My Stomach Problems Really All in My Head? Scientists often debate whether irritable bowel syndrome is a mental or physical issue. That’s not much help for those who suffer from it.;15;68
The New York Times;@nytimes;2021-12-05T08:50:06.000Z;With Omicron Comes Uncertainty. Here’s How to Handle It. Experts share techniques to ease the mental toll of an evolving pandemic.;53;61
The New York Times;@nytimes;2021-12-05T08:20:03.000Z;It’s Always Sunny With Rob McElhenney The FXX series “It’s Always Sunny in Philadelphia” is about to become the longest-running live-action sitcom in U.S. history. Its energetic star and creator wants to know what’s next.;26;38
The New York Times;@nytimes;2021-12-05T07:50:04.000Z;Colton Underwood Comes Out and Comes Clean The former “Bachelor” star announced he is gay on national TV in April. A new Netflix reality series seeks to share his journey and address the criticism.;72;58
The New York Times;@nytimes;2021-12-05T02:20:06.000Z;A Brief Guide to Every Sport at the Winter Olympics From Alpine skiing to speedskating, and everything in between: Here are all the sports that are part of the Beijing Games in 2022.;58;69
The New York Times;@nytimes;2021-12-05T01:50:02.000Z;Palestinian Who Stabs Israeli in East Jerusalem Is Killed by Police The incident, captured in videos, was at least the fifth such knife attack in Jerusalem since September.;92;61
The New York Times;@nytimes;2021-12-05T01:20:03.000Z;5 Minutes That Will Make You Love the Organ Listen to the biggest, loudest, most extravagant (yet incredibly subtle) instrument of them all.;20;33
The New York Times;@nytimes;2021-12-05T01:00:16.000Z;The Best Electronics Kits for Kids and Beginners We tested electronics kits with kids ages 7 to 12 and got feedback from parents and makers to find the most engaging ways for kids to learn about electronics.;15;32
The New York Times;@nytimes;2021-12-05T00:50:05.000Z;Painter of Elijah Cummings Portrait Finds It’s a Career-Changer The Baltimore artist Jerrell Gibbs was commissioned to paint Maryland’s late Representative. The official portrait will be installed at the U.S. Capitol.;17;84
The New York Times;@nytimes;2021-12-05T00:20:05.000Z;The Gator Finds a Place at the Tailgate Alligator, long a food source for Louisianians, has become more popular nationally. But its big moment comes at an annual football matchup in Baton Rouge.;38;57
The New York Times;@nytimes;2021-12-04T23:50:03.000Z;Sharing Hard-Won Money Lessons to Build Generational Wealth Wanting to help others in their communities, influencers of color who taught themselves how to pay off big debts and invest have developed audiences for their experience and advice.;45;90
The New York Times;@nytimes;2021-12-04T19:26:18.000Z;Black Man Wins New Trial Over Confederate Memorabilia in Jury Room A Tennessee appeals court granted Tim Gilbert a new trial after jurors deliberated in a room named after the United Daughters of the Confederacy.;26;45
The New York Times;@nytimes;2021-12-04T19:15:05.000Z;Best TV Shows of 2021 From Bo Burnham to “We Are Lady Parts,” the best in television this year offered ingenuity, humor, defiance and hope.;4;23
The New York Times;@nytimes;2021-12-04T19:00:34.000Z;How ‘Shadow’ Foster Care Is Tearing Families Apart Across the country, an unregulated system is severing parents from children, who often end up abandoned by the agencies that are supposed to protect them.;30;113
The New York Times;@nytimes;2021-12-04T18:45:10.000Z;"Around her house, Samantha Lewis has posted cards scrawled with steps reminding how to do tasks in her daily life. It is one of many strategies Lewis, 34, has learned from ""cognitive rehab,"" an intensive therapy program to fight the symptoms of long Covid.";27;68
The New York Times Retweeted;@NYTArchives;2021-12-04T15:00:16.000Z;To celebrate Hanukkah in 1977, workers put the finishing touches on the first giant New York City menorah at Grand Army Plaza. The first candle was lit on the 30-by-20-foot menorah the following Sunday, just after dusk. #nytarchives #hanukkah;9;49
The New York Times;@nytimes;2021-12-04T18:20:05.000Z;‘The Power of the Dog’ Review: Wild Hearts on a Closed Frontier In Jane Campion’s staggering take on the western, her first movie in more than a decade, a cruel cowboy meets his surprising match.;37;79
The New York Times;@nytimes;2021-12-04T18:10:06.000Z;U.S. Intelligence Sees Russian Plan for Possible Ukraine Invasion An invasion force could include 175,000 troops, but U.S. officials stress that President Vladimir V. Putin’s intentions remain unclear.;88;191
The New York Times Retweeted;@kitastew;2021-12-04T14:29:47.000Z;Christmas Tree Questions? Ask the Mayor of Rockefeller Center. For two decades, Correll Jones has been the man to ask about New York’s most famous tree — and where to find the public bathrooms.;4;17
The New York Times;@nytimes;2021-12-04T17:04:04.000Z;Omicron and Travel: So, Now Do I Need Trip Insurance? In light of the new variant, is extra protection warranted for things like flight and lodging cancellations and quarantine hotels? It depends. Here’s what you need to know.;18;17
The New York Times;@nytimes;2021-12-04T17:00:13.000Z;Voting Battles of 2022 Take Shape as G.O.P. Crafts New Election Bills Republicans plan to carry their push to reshape the nation’s electoral system into next year, with Democrats vowing to oppose them but holding few options in G.O.P.-led states.;83;131
The New York Times;@nytimes;2021-12-04T16:50:05.000Z;Money Found by Plumber at Joel Osteen’s Church Is Tied to 2014 Burglary, Police Say The discovery was revealed when the plumber called into a Houston radio show on Thursday.;75;177
The New York Times;@nytimes;2021-12-04T16:45:07.000Z;The Variant Hunters: Inside South Africa’s Effort to Stanch Dangerous Mutations Scientists in a cutting-edge laboratory do part of the work. Local health workers on foot do the rest.;29;103
The New York Times;@nytimes;2021-12-04T16:20:06.000Z;Samba, Cachaça and Pickled Eggs: ‘Dirty Feet’ Bars Are ‘Essence of Rio’ A cross between a dive bar and a greasy spoon, Rio de Janeiro’s beloved (and proudly filthy) hole-in-the wall joints are some of the most democratic spaces in a deeply unequal city.;17;65
The New York Times Retweeted;@cegoldbaum;2021-12-04T16:09:43.000Z;Facing Economic Collapse, Afghanistan Is Gripped by Starvation An estimated 22.8 million people — more than half the country’s population — are expected to face potentially life-threatening food insecurity this winter. Many are already on the brink of catastro...;38;137
The New York Times;@nytimes;2021-12-04T10:00:15.000Z;The Best Santa Hats for Christmas Subpar Santa hats dominate store shelves, but we’ve found some stellar Santa hats for every price and personality.;22;28
The New York Times Retweeted;@IKershner;2021-12-03T16:28:14.000Z;Stabbed 20 Times by Her Husband, She Now Fights Laws Favoring Abusers Shira Isakov, once a little-known Israeli working in advertising, has become a national force in the struggle to combat domestic violence and change the legal landscape on parental rights.;9;42
The New York Times;@nytimes;2021-12-04T09:00:18.000Z;English Teenager Finds Bronze Age Ax Using a Metal Detector On her third day out with a metal detector, Milly Hardwick, 13, found a hoard of items from more than 3,000 years ago. “We were just laughing our heads off,” she said.;31;144
The New York Times;@nytimes;2021-12-04T08:05:16.000Z;Parents of Michigan Shooting Suspect Arrested, Police Say The couple were charged after officials said their son carried out the shootings using a handgun his parents had bought for him.;90;293
The New York Times;@nytimes;2021-12-04T08:00:08.000Z;Taliban Decree an End to Forced Marriages in Afghanistan The decree, attributed to the group’s religious leader, calls for more rights for women under Islamic law, but does not say whether women will regain easier access to education or jobs.;33;103
The New York Times Retweeted;@dionnesearcey;2021-12-04T02:33:40.000Z;Congo Ousts Mining Leader in a Cloud of Corruption Claims The country’s president removed Albert Yuma Mulimbi as chairman of the state mining firm. Cobalt in Congo is a crucial resource in the global clean energy revolution.;6;34
The New York Times;@nytimes;2021-12-04T07:00:11.000Z;A man in Italy tries to get a shot in a fake arm to qualify for a vaccination certificate. The stratagem was the latest and perhaps most original episode of vaccine evasion in the struggle between Italy’s government and the country’s anti-vaccine faction.;84;282
The New York Times;@nytimes;2021-12-04T01:53:18.000Z;Going Deep Into Oyster Country From coastal Virginia to New York and New Orleans, a writer delves into the history and lore surrounding the shellfish, with a focus on the role African Americans have played over the years.;16;41
The New York Times Retweeted;@MitchKSmith;2021-12-04T00:17:59.000Z;Inside a Sequencing Lab on the Front Lines of America’s Search for Omicron More states are finding cases of the new variant. Tracking its spread, experts say, is key to understanding what threat it poses.;11;33
The New York Times;@nytimes;2021-12-04T00:54:04.000Z;Israeli Company’s Spyware Is Used to Target U.S. Embassy Employees in Africa The hack is the first known case of the spyware, known as Pegasus, being used against American officials.;65;175
The New York Times Retweeted;@luisferre;2021-12-03T23:56:16.000Z;Federal Scrutiny of Cuomo Widens to His Office’s Treatment of Women The Justice Department opened an inquiry into reports of sexual harassment and retaliation in the former governor’s administration.;76;234
The New York Times;@nytimes;2021-12-04T00:00:08.000Z;International television got a big boost in the American consciousness this year. These are the best international shows of 2021, according to our critics.;76;451
The New York Times Retweeted;@alanisthames;2021-12-03T22:12:33.000Z;At Jackson State, the ‘Prime Effect’ Reverberates In his first full season as the football coach, Deion Sanders has guided the Tigers to the conference championship game and energized a community. He says he’s just getting started.;9;74
The New York Times;@nytimes;2021-12-03T23:23:05.000Z;Jury Chosen in Trial of Kimberly Potter, Officer Who Fatally Shot Daunte Wright Many of the jurors said they had already seen body camera video of Ms. Potter, a former police officer in Brooklyn Center, Minn., fatally shooting Daunte Wright after seeming to mistake her gun for...;13;24
The New York Times;@nytimes;2021-12-03T23:00:13.000Z;Upstate New York Hospitals Are Overwhelmed as Covid Cases Surge Health care officials say a “perfect storm” of new Covid cases, staff shortages and filled nursing homes has created a crisis.;69;128
The New York Times Retweeted;@kimmelman;2021-12-03T18:36:11.000Z;What Does It Mean to Save a Neighborhood? Nine years after Hurricane Sandy, residents of Lower Manhattan are still vulnerable to rising seas. The fight over a plan to protect them reveals why progress on our most critical challenges is so...;9;30
The New York Times;@nytimes;2021-12-03T20:45:05.000Z;U.S. Opens Civil Rights Investigation Into Police in New York Suburb The inquiry will focus on whether the Mount Vernon department engaged in a “pattern or practice of unlawful policing, officials said.;27;94
The New York Times;@nytimes;2021-12-03T20:30:16.000Z;As many New York City hotels sat empty during the pandemic, and homelessness continued to rise, it was a once-in-a-generation chance to convert struggling hotels into affordable housing. But none were converted. So what happened?;31;58
The New York Times;@nytimes;2021-12-03T20:15:03.000Z;Cognitive Rehab: One Patient’s Painstaking Path Through Long Covid Therapy Samantha Lewis is relearning some basic aspects of her daily life after struggling with brain fog and other lingering symptoms for more than a year since being infected by the virus.;25;62
The New York Times;@nytimes;2021-12-03T17:21:26.000Z;Breaking News: The parents of the Michigan school shooting suspect were charged with involuntary manslaughter, a rare step in prosecuting school shootings.;280;1300
The New York Times;@nytimes;2021-12-03T17:20:16.000Z;The Biden administration is fighting to preserve Title 42, a Trump-era rule that uses the pandemic to justify turning back migrants at the border to keep the virus from spreading in the U.S. But many have been allowed to stay, despite the rule.;25;50
The New York Times Retweeted;@Julesm_b;2021-12-03T17:14:51.000Z;Facing Charges, Parents of Michigan Shooting Suspect Are Now Fugitives Prosecutors charged the parents of the 15-year-old accused of killing four classmates with involuntary manslaughter, saying they failed to act on troubling signs.;8;12
The New York Times;@nytimes;2021-12-03T13:33:30.000Z;Alec Baldwin Says He Is Not Responsible for Fatal Shooting on ‘Rust’ In an emotional interview with ABC News, the actor asserted, “Someone put a live bullet in a gun.”;244;115
The New York Times;@nytimes;2021-12-03T16:55:47.000Z;What We Know About the Fatal Shooting on Alec Baldwin’s New Mexico Movie Set The authorities are investigating the death of the cinematographer Halyna Hutchins on the set of “Rust” in Santa Fe County. Here’s what we know.;31;16
The New York Times;@nytimes;2021-12-03T15:00:11.000Z;New travel rules add pre-flight stress for people flying to the U.S.;39;61
The New York Times;@nytimes;2021-12-03T14:50:04.000Z;Hundreds of Companies Promised to Help Save Forests. Did They? Cargill, Nestle, Carrefour and others pledged to reach net-zero deforestation in their supply chains by 2020.;22;76
The New York Times Retweeted;@taraparkerpope;2021-12-03T02:12:23.000Z;Our 8 Favorite Books in 2021 for Healthy Living This year’s Well Book List includes advice on how to change behavior, lower anxiety, cope with hardship and heal with poetry.;7;28
The New York Times;@nytimes;2021-12-03T14:30:07.000Z;A Christmas party in Norway becomes a possible Omicron-spreading event. All those infected were fully vaccinated and tested before entering a restaurant in central Oslo, where one traveler from South Africa carried the new variant.;50;116
The New York Times Retweeted;@bencasselman;2021-12-03T13:30:51.000Z;The November jobs report is expected to show another healthy gain. Economists are looking for an increase of more than 500,000 for the second straight month.;38;39
The New York Times;@nytimes;2021-12-03T14:10:03.000Z;Columbia University Student Dies in Stabbing Near Campus The graduate student, Davide Giri, was fatally stabbed near the school’s campus in Manhattan on Thursday night.;59;159
The New York Times;@nytimes;2021-12-03T14:00:13.000Z;Covid Treatments Are Coming Here’s why they are a big deal.;30;65
The New York Times;@nytimes;2021-12-03T11:15:04.000Z;Didi Moves to Leave U.S. Stock Market Just Months After Huge Offering The abrupt shift by the ride-hailing giant comes as officials in Washington and Beijing have grown increasingly skeptical of Chinese corporate access to Wall Street’s money.;31;76
The New York Times;@nytimes;2021-12-03T11:00:05.000Z;Emphasizing Tests, Biden Vows to Fight Omicron With ‘Science and Speed’ The president’s plan shifts away from a near-singular focus on vaccination, as new cases of the variant have emerged in the United States.;106;147
The New York Times;@nytimes;2021-12-03T10:45:07.000Z;New Zealand’s biggest city ends its 107-day lockdown. Auckland entered severe restrictions in mid-August as it began fighting a Delta outbreak. Some bars reopened a minute before midnight, the moment they could.;23;53
The New York Times;@nytimes;2021-12-03T10:30:05.000Z;Europe Met a Climate Target. But Is It Burning Less Carbon? The European Union promised to reduce its emissions 20 percent by 2020. Did it happen?;17;31
The New York Times;@nytimes;2021-12-03T10:00:16.000Z;Philippine Court Allows Maria Ressa to Attend Nobel Peace Prize Ceremony The decision came after days of growing international pressure on the government to allow the journalist to attend the ceremony in Norway.;13;119
The New York Times;@nytimes;2021-12-03T09:30:10.000Z;An ad with a vaccinated Santa that drew 5,000 complaints is cleared by British regulators. The commercial, for the supermarket chain Tesco, depicted Santa Claus being cleared to travel.;77;184
The New York Times;@nytimes;2021-12-03T09:10:04.000Z;Ghislaine Maxwell Brought Strict Rules to Epstein Home, Ex-Employee Says “Never look at his eyes,” Ms. Maxwell told workers at Jeffrey Epstein’s Florida estate, according to testimony at her sex-trafficking trial.;24;46
The New York Times Retweeted;@kurtstreeter;2021-12-01T21:22:27.000Z;‘I Got Them Off the Hook by Winning’ Lee Elder forced golf forward by winning his way into the Masters tournament in 1975, the first Black player to do so, laying a path for Tiger Woods and others.;6;13
The New York Times;@nytimes;2021-12-03T04:00:12.000Z;California regulators fine PG&E $125 million for 2019 fire. Pacific Gas & Electric settled claims that one of its transmission lines caused the Kincade fire.;19;53
The New York Times Retweeted;@tejalrao;2021-12-03T01:45:30.000Z;What to Do With Cauliflower … That isn’t cauliflower rice.;7;17
The New York Times;@nytimes;2021-12-03T03:33:06.000Z;We found 25 words that can be spelled with these seven letters. How many can you make? Don’t forget, your words must include the center letter.;67;33
The New York Times Retweeted;@MarkLandler;2021-12-02T23:05:23.000Z;Travelers to U.S. Count the Hours: Can They Get Their Tests Back in Time? New travel restrictions announced on Thursday by the White House over fears of the spread of the Omicron variant have many worrying that their trips may not happen.;12;38
The New York Times;@nytimes;2021-12-03T03:10:01.000Z;Best Albums of 2021 Less isolation didn’t mean a return to normalcy. Albums with big feelings and room for catharsis made the most powerful connections.;10;34
The New York Times;@nytimes;2021-12-03T03:00:06.000Z;Prior Infection Is Little Defense Against Virus Variant, Scientists Say Evidence from South Africa, where the Omicron variant already dominates, shows a high rate of reinfection of people who have already had the coronavirus.;97;227
The New York Times;@nytimes;2021-12-03T00:30:13.000Z;The most-used emojis of 2021 are in. What's your favorite emoji? Tell us in the comments.;847;2000
The New York Times Retweeted;@emmagf;2021-12-02T23:57:37.000Z;New York State confirms five cases of the Omicron variant. “This is not a cause for major alarm,” Gov. Kathy Hochul said, adding that she was not announcing a shutdown or other drastic measures in response to the cases.;15;41
The New York Times;@nytimes;2021-12-03T00:10:05.000Z;Man Who Planted Razor Blades in Pizza Dough Gets 5 Years in Prison No one was reported injured, but prosecutors say that the recall prompted by Nicholas Mitchell’s tampering resulted in nearly $230,000 in losses to a Maine-based supermarket chain.;29;54
The New York Times;@nytimes;2021-12-03T00:00:09.000Z;Antonio Brown and Two Others Suspended by N.F.L. for Faking Vaccination Status The Tampa Bay Buccaneers receiver and two other players had fake vaccination cards in violation of the Covid-19 protocols established between the league and its players’ union.;177;283
The New York Times Retweeted;@ESCochrane;2021-12-02T22:37:46.000Z;Lawmakers Strike Spending Deal but Government Shutdown Still Looms Even as the House set a Thursday vote to fund the government through February, Senate Republicans were still threatening to force a shutdown over vaccine mandates.;9;21
The New York Times;@nytimes;2021-12-02T23:38:03.000Z;Most Covid Vaccines Will Work as Boosters, Study Suggests In a comparison of seven different brands, researchers found that most shots give a strong boost, even in mix-and-match combinations.;93;259
The New York Times;@nytimes;2021-12-02T23:25:03.000Z;President Biden laid out a new pandemic strategy that includes hundreds of vaccination sites aimed at families, booster shots for all adults, new testing requirements for international travelers and insurance reimbursement for at-home Covid tests.;56;77
The New York Times Retweeted;@NickAtNews;2021-12-02T22:48:13.000Z;What to Know About Kimberly Potter’s Trial for the Death of Daunte Wright Kimberly Potter, a former Minnesota police officer, faces manslaughter charges in the death of Mr. Wright. She called out “Taser! Taser! Taser!” before firing her gun during a traffic stop.;10;10
The New York Times;@nytimes;2021-12-02T22:57:04.000Z;Police Arrest Suspect in Fatal Shooting of Beverly Hills Philanthropist About an hour after Jacqueline Avant was killed, the police arrested a man after he accidentally shot himself in the foot while burglarizing a home in Hollywood.;20;43
The New York Times;@nytimes;2021-12-02T21:13:56.000Z;In 2010, the Consumer Goods Forum pledged to help end deforestation by 2020 on behalf of its roughly 400 corporate members. And some companies, like Walmart, Nestlé and Carrefour vowed to eliminate deforestation from their supply chains. Did it happen?;2;6
The New York Times;@nytimes;2021-12-02T21:13:55.000Z;In 2009, the European Union pledged that its emissions in 2020 would be 20% lower than they were in 1990. Did it happen?;2;6
The New York Times;@nytimes;2021-12-02T21:13:55.000Z;What Can One Life Tell Us About the Battle Against H.I.V.? In 2001, U.N. estimates suggested 150 million people would be infected with H.I.V. by 2021. That preceded an ambitious global campaign to curb the virus. How well did it work?;2;5
The New York Times;@nytimes;2021-12-02T21:13:53.000Z;What can we learn from Hindsight? For the first series from the Headway — our new initiative exploring the world’s biggest challenges through the lens of progress — we followed up on forecasts from decades ago to ask what time has revealed.;7;18
The New York Times;@nytimes;2021-12-02T21:13:54.000Z;Millions More People Got Access to Water. Can They Drink It? The U.N. pledged to halve the proportion of the world without access to clean drinking water by 2015.;2;8
The New York Times;@nytimes;2021-12-02T21:13:55.000Z;In 2001, UN estimates indicated that by 2020, 150 million people worldwide would have been infected with HIV. Did it happen?;4;3
The New York Times Retweeted;@emmagf;2021-12-02T21:04:26.000Z;New York City Sets Vaccine Mandate for Religious and Private School Workers The directive, which affects 56,000 employees, may face opposition at yeshivas, because of resistance to coronavirus vaccines among some Orthodox Jews.;47;115
The New York Times;@nytimes;2021-12-02T21:05:08.000Z;F.T.C. Sues to Stop Blockbuster Chip Deal Between Nvidia and Arm The proposed deal would give Nvidia control over computing technology and designs that rival firms rely on.;10;49
The New York Times;@nytimes;2021-12-02T21:00:15.000Z;Why Omicron Was First Found in San Francisco A San Franciscan who flew home from South Africa last week became the first U.S. case of the new coronavirus variant.;135;69
The New York Times;@nytimes;2021-12-02T20:45:05.000Z;A shipping terminal in Kansas reveals the fundamental problem of the global supply chain disruption — no one can plan, and no one is sure what will happen next.;14;31
The New York Times;@nytimes;2021-12-02T20:35:08.000Z;Anti-Vaccination Ad Mysteriously Appears at N.Y.C. Bus Stop City officials said the ad, which contained false information and was seen at a bus stop in Brooklyn, had not been authorized. It was later removed.;47;58
The New York Times;@nytimes;2021-12-02T20:00:04.000Z;Why Hasn’t the U.S. Found More Omicron Cases? Genomic surveillance has improved enormously in recent months, but the system has built-in delays, and blind spots remain.;38;32
The New York Times;@nytimes;2021-12-02T19:50:03.000Z;Historic Jackson Heights or Astoria Waterfront? A Chicago Transplant Considers Queens. When two of her children landed in New York City, a Midwestern doctor took her $850,000 budget to Queens for a two-bedroom apartment close by. Which one would you choose?;21;15
The New York Times;@nytimes;2021-12-02T19:40:07.000Z;Biden vows to fight Omicron with ‘science and speed, not chaos and confusion.’ The new strategy includes insurance reimbursements for at-home tests and stricter rules for international travelers, as the Omicron variant circulates in more than 30 countries.;73;156
The New York Times;@nytimes;2021-12-02T19:35:05.000Z;The Abortion I Didn’t Have I never thought about ending my pregnancy. Instead, at 19, I erased the future I had imagined for myself.;52;175
The New York Times;@nytimes;2021-12-02T19:30:39.000Z;A Journalist, a Philosophy Major and the Mad Scramble for Video Game Consoles New gaming consoles remain in short supply this holiday season, spawning cottage industries of tipsters and scalpers making money off their scarcity.;10;20
The New York Times;@nytimes;2021-12-02T17:45:04.000Z;The Year in Emojis Tears of joy prevailed as the most-used emoji in 2021, despite Gen Z’s stated contempt for it.;53;163
The New York Times;@nytimes;2021-12-02T17:30:03.000Z;After Michigan Killings, Students Praised Shooter Drills. But Do They Really Work? Oxford High School held repeated trainings on how to handle a gunman in school. But some critics are questioning their purpose.;58;154
The New York Times;@nytimes;2021-12-02T17:20:00.000Z;Nathaniel Woods was sentenced to death for his role in the murders of three Birmingham, Alabama, police officers who were shot by someone else. Our new documentary on FX and Hulu examines how Woods, who didn't pull the trigger, was punished all the same.;16;58
The New York Times;@nytimes;2021-12-02T17:15:02.000Z;5 Tips for Avoiding Surprise Virus Test Bills Experts worry the Omicron variant could seed a new coronavirus wave, which would probably mean a lot more surprise bills.;41;51
The New York Times;@nytimes;2021-12-02T17:05:15.000Z;Former Ohio Deputy Is Charged With Murder in Shooting of Columbus Man The former deputy, Jason Meade, was a member of a fugitive task force when he shot Casey Goodson Jr., 23, who was not the target of the operation, according to an indictment. He faces two murder...;29;286
The New York Times;@nytimes;2021-12-02T15:50:02.000Z;Omicron is detected in mainland France, but a Delta wave is the bigger concern for now.;17;64
The New York Times;@nytimes;2021-12-02T15:40:14.000Z;Meghan Wins Legal Battle Against The Mail on Sunday An appeals court rejected a bid to force a trial over the duchess’s claim that the tabloid violated her privacy by publishing an anguished letter she sent to her estranged father.;54;174
The New York Times;@nytimes;2021-12-02T15:30:16.000Z;The Teenagers Getting Six Figures to Leave Their High Schools for Basketball The new pro league Overtime Elite is luring young phenoms with hefty salaries, viral success and — perhaps — a better path to the N.B.A.;26;62
The New York Times;@nytimes;2021-12-02T15:15:05.000Z;Pope Francis Heads to Cyprus, Aiming to Highlight Plight of Migrants Even as the world focuses on a new coronavirus variant, Francis is embarking on a trip that incorporates longstanding priorities like opening borders and welcoming the destitute.;40;79
The New York Times;@nytimes;2021-12-02T15:00:13.000Z;The Supreme Court Considers the Future of Roe How far will the court’s conservative majority go in deciding the future of abortion in America?;43;62
The New York Times;@nytimes;2021-12-02T12:15:06.000Z;As French Election Looms, Candidates Stake Out Tough Positions on Migrants France has fewer immigrants than other rich nations. But politicians are hardening their positions against immigration even as other countries compete for migrant workers.;29;58
The New York Times;@nytimes;2021-12-02T11:55:46.000Z;Biden’s winter Covid plan includes insurance reimbursement for at-home tests. The new strategy, which includes stricter rules for international travelers, comes as the worrisome Omicron variant circulates in more than 30 countries.;316;1000
The New York Times;@nytimes;2021-12-02T11:50:06.000Z;‘Where is **?’: Fans in China Elude Censors to Talk About Peng Shuai She is not the first celebrity to be scrubbed from the internet, but her supporters are finding creative ways to voice their frustration.;41;253
The New York Times;@nytimes;2021-12-02T11:26:00.000Z;Alec Baldwin Says He ‘Didn’t Pull the Trigger’ in ‘Rust’ Killing The actor said in a brief excerpt from an upcoming interview with ABC News that he had not pulled the trigger when the gun he was holding went off, killing the cinematographer.;146;89
The New York Times;@nytimes;2021-12-02T11:15:07.000Z;An Israeli doctor with Omicron met dozens of people. Just one tested positive. In the days leading up to his positive test, Elad Maor interacted with about 100 people. So far, only one contact has tested positive.;68;393
The New York Times;@nytimes;2021-12-02T11:00:16.000Z;Looking Again at Amy Winehouse, 10 Years After Her Death In “Amy: Beyond the Stage,” the Design Museum in London explores — and tries to somewhat reframe — the “Back to Black” singer’s life and legacy.;11;58
The New York Times;@nytimes;2021-12-02T10:48:25.000Z;Twitter and Facebook hit back at Chinese propaganda campaigns. The social media giants removed a large number of accounts that promoted Covid-19 conspiracy theories and undermined reports of human rights abuses.;69;184
The New York Times;@nytimes;2021-12-02T05:29:11.000Z;Planned Parenthood Says Hacker Compromised Information for 400,000 Patients The group’s Los Angeles affiliate said it did not know who was responsible for the ransomware attack and did not believe any information had been used for “fraudulent purposes.”;14;57
The New York Times Retweeted;@TylerKepner;2021-12-02T01:10:33.000Z;‘The Pressure of This Is a Privilege’ As Max Scherzer was introduced by the Mets as baseball’s highest-paid player, he praised a team owner who was willing to spend to make his team better.;3;17
The New York Times;@nytimes;2021-12-02T05:00:09.000Z;This Dinosaur Found in Chile Had a Battle Ax for a Tail While ankylosaurs are already known for their armor and club tails, this specimen from South America had a unique way of fighting predators.;32;144
The New York Times Retweeted;@gettinviggy;2021-12-01T22:52:04.000Z;Woman Who Sued Walmart Over Shoplifting Arrest Is Awarded $2.1 Million Lesleigh Nurse said she was wrongfully accused of stealing groceries from the Walmart in Semmes, Ala., in 2016. The retailer said it would appeal the verdict.;6;16
The New York Times;@nytimes;2021-12-02T04:40:03.000Z;Emma Coronel Aispuro es sentenciada a tres años de prisión La esposa del Chapo Guzmán dijo sentir un “sincero arrepentimiento” en la audiencia y le pidió al juez que no fuera tan duro con ella. En junio se declaró culpable de ayudar a su marido a ingresar...;10;25
The New York Times Retweeted;@jesus_jimz;2021-12-02T02:31:52.000Z;Here’s what we know about those who were injured at Oxford High.;6;15
The New York Times;@nytimes;2021-12-02T04:10:03.000Z;Opinion | To Counter Omicron, Covid-19 Treatments Must Be Cheap and Accessible The world must not repeat history by making Covid-19 drugs inaccessible.;33;43
The New York Times Retweeted;@charlie_savage;2021-12-02T00:33:00.000Z;Roberts Searches for Middle Ground in Abortion Case The chief justice, known for his incremental approach to contentious issues, explored on Wednesday whether the court could uphold Mississippi’s law without totally throwing out Roe v. Wade.;45;22
The New York Times;@nytimes;2021-12-02T01:40:06.000Z;24 Days of Cookies These recipes from New York Times Cooking are sure to make your holidays bright.;11;58
The New York Times;@nytimes;2021-12-02T01:24:47.000Z;Biden is said to be extending mask mandates for travel through March.;92;280
The New York Times;@nytimes;2021-12-02T01:10:03.000Z;Dr. Anthony Fauci said the first case of the Omicron variant was reported in the U.S. after a vaccinated traveler returned to California from South Africa. 1:;79;141
The New York Times;@nytimes;2021-12-02T01:00:10.000Z;Marcus Lamb, a Christian Broadcaster and Vaccine Skeptic, Dies of Covid Mr. Lamb, who co-founded the Daystar Television Network, repeatedly suggested on air that people pray instead of getting vaccinated.;687;667
The New York Times Retweeted;@dougmillsnyt;2021-12-01T22:01:27.000Z;The White House honors #WorldAidsDay.;13;283
The New York Times;@nytimes;2021-12-01T22:00:18.000Z;Lula prepara un regreso. ¿Convencerá a Brasil? El expresidente brasileño Luiz Inácio Lula da Silva ha logrado dejar atrás una serie de acusaciones de corrupción y encabeza la lucha por la presidencia del año entrante.;22;18
The New York Times;@nytimes;2021-12-01T21:50:03.000Z;How does the coronavirus travel in a tiny airborne drop of water? Scientists created this detailed simulation to find out.;14;182
The New York Times;@nytimes;2021-12-01T21:40:07.000Z;‘I Was Skeptical.’ How Sondheim Agreed to Change ‘Company.’ Days before he died, Stephen Sondheim and the director Marianne Elliott chatted about a Broadway revival of his 1970 musical. With a gender swap, it has a “different flavor,” he said.;4;25
The New York Times Retweeted;@kylebuchanan;2021-12-01T20:50:40.000Z;Which Films Lead the Biggest Best-Picture Race in Years? With epics like “West Side Story” and biopics like “King Richard” in contention, Oscar voters have plenty of choices in a category that’s now set at 10 slots.;23;40
The New York Times;@nytimes;2021-12-01T21:30:04.000Z;This Year’s Winner of the Turner Prize? A Group That Performs Protest. The Belfast-based Array Collective stages carnivalesque interventions at political rallies. Now the group has won Britain’s major art award.;8;18
The New York Times;@nytimes;2021-12-01T19:30:32.000Z;"Justice Clarence Thomas asked if there's a constitutional right to abortion, saying it's not spelled out the way the Second Amendment is. ""It's liberty, your honor,"" Julie Rikelman, the litigation director at the Center for Reproductive Rights, replied.";241;457
The New York Times;@nytimes;2021-12-01T19:30:46.000Z;Correction: An earlier tweet misidentified who responded to Justice Thomas on whether there's a constitutional right to abortion. It was Julie Rikelman of the Center for Reproductive Rights, not Elizabeth Prelogar, the U.S. solicitor general. We deleted the incorrect tweet.;12;20
The New York Times;@nytimes;2021-12-01T19:30:05.000Z;Aiden Page, a senior at Oxford High School in the Detroit suburbs, described what happened after a student opened fire on Tuesday. A 15-year-old sophomore is in custody after a rampage that killed at least four students and wounded seven other people.;22;41
The New York Times;@nytimes;2021-12-01T19:03:42.000Z;Tracking Omicron and Other Coronavirus Variants See which countries have reported cases of the Omicron variant.;133;453
The New York Times;@nytimes;2021-12-01T19:13:45.000Z;The first Omicron case has been detected in the U.S. Much remains unknown about the new variant of the coronavirus. But with cases being detected in more countries, experts had said it was only a matter of time before the variant showed up in the...;44;107
The New York Times;@nytimes;2021-12-01T19:10:04.000Z;The C.D.C. tells airlines to disclose details if passengers had recently been in southern Africa. The agency said it was ‘issuing this directive to prevent the importation and spread of a communicable disease of public health importance,’ an apparent reference to the new Omicron variant.;36;60
The New York Times;@nytimes;2021-12-01T17:01:29.000Z;Live Updates: Supreme Court to Hear Arguments on Mississippi Abortion Law The arguments are set to begin at 10 a.m. Eastern and The New York Times will be streaming them live, providing context and analysis.;41;75
The New York Times;@nytimes;2021-12-01T17:00:18.000Z;W.H.O. members agree to begin talks on a global pandemic treaty. They agreed to set up an intergovernmental negotiating body that is to meet no later than March to begin negotiating an international agreement intended to ensure a more coherent and equitable...;27;46
The New York Times;@nytimes;2021-12-01T16:40:14.000Z;How do you say ‘Omicron’? Unlike Alpha, Beta and Delta, the name of the latest known variant is not as straightforward, with some English speakers offering up diverse pronunciations.;128;148
The New York Times Retweeted;@S_Evangelina;2021-12-01T12:50:42.000Z;Baby Tate Turns Hate Into Positivity The rapper was shamed for a revealing outfit at Afropunk Atlanta. But that’s not stopping her.;7;33
The New York Times;@nytimes;2021-12-01T16:15:48.000Z;Alito has a career-long history of opposing abortion rights.;88;147
The New York Times;@nytimes;2021-12-01T16:10:07.000Z;"Justice Sonia Sotomayor said that ""15 justices over 30 years since Casey have reaffirmed that basic viability line,"" referring to Planned Parenthood vs. Casey which said that states could not impose an undue burden on the right to abortion.";68;383
The New York Times Retweeted;@charlie_savage;2021-12-01T12:14:47.000Z;Why the Discredited Dossier Does Not Undercut the Russia Investigation Donald J. Trump and his backers say revelations about the Steele dossier show the Russia investigation was a “hoax.” That is not what the facts indicate.;523;321
The New York Times;@nytimes;2021-12-01T14:00:09.000Z;Trust in Science and Scientists Increased Globally, Poll Finds An international survey found that the pandemic had enhanced public faith in researchers and science, up from 2018.;80;95
The New York Times;@nytimes;2021-12-01T13:50:04.000Z;Live Updates: 15-Year-Old Is in Custody After Michigan School Shooting Kills 3 A sophomore was arrested with a handgun that his father had bought four days before the attack, in which eight other people were injured.;41;54
The New York Times;@nytimes;2021-12-01T13:40:02.000Z;Britain’s theatergoers cover up again, after months without masks. Encouragements to mask up are hardening into mandates. But the new rules are coming from the playhouses, not the government.;19;29
The New York Times;@nytimes;2021-12-01T13:30:11.000Z;Josh Duggar of ‘19 Kids and Counting’ Goes on Trial in Child Pornography Case Prosecutors say Mr. Duggar used the internet to download explicit material showing the sexual abuse of children. He faces up to 40 years in prison if convicted.;40;73
The New York Times;@nytimes;2021-12-01T13:20:06.000Z;3 Students Are Killed in Michigan School Shooting A 15-year-old sophomore was taken into custody with a semiautomatic handgun that was bought by his father four days before the fatal shooting.;44;78
The New York Times;@nytimes;2021-12-01T13:10:03.000Z;Amazon and the Labor Shortage What this economic moment means for the company and the people who work there.;24;40
The New York Times;@nytimes;2021-12-01T11:20:07.000Z;The Next Challenge to Vaccinating Africa: Overcoming Skepticism Vaccines are finally available in many African countries, but some people there, as well as in South Asia, are wary of taking them.;48;78
The New York Times;@nytimes;2021-12-01T11:10:07.000Z;In China, Buying That Toy Gun Could Get You Arrested San Cheng bought toy guns online as props for video game design. Then the police arrived, and he was jailed under China’s strict but messy gun laws.;34;55
The New York Times;@nytimes;2021-12-01T11:00:17.000Z;Police Officer and 2 Women Are Killed in Atlanta Area A suspect was shot and killed during an “exchange of gunfire” with officers responding to a domestic violence call, the police said. A 12-year-old boy and an officer were also injured.;16;29
The New York Times Retweeted;@BenWeiserNYT;2021-12-01T01:21:29.000Z;Accuser Describes Maxwell and Epstein Ensnaring and Abusing Her at 14 During the second day of Ghislaine Maxwell’s trial, a woman accused Ms. Maxwell of befriending her when she was a girl, only to join in the sexual abuse that followed.;3;25
The New York Times;@nytimes;2021-12-01T10:29:05.000Z;E.U. Interpreter Says Greece Expelled Him to Turkey in Migrant Roundup The man’s story echoes complaints from human-rights groups that Greek authorities often expel asylum seekers indiscriminately and violently.;13;54
The New York Times Retweeted;@JeffCMays;2021-12-01T00:50:11.000Z;Nation’s First Supervised Drug-Injection Sites Open in New York During the first official day in operation at the two Manhattan facilities, trained staff reversed two overdoses, officials said.;23;106
The New York Times;@nytimes;2021-12-01T10:00:09.000Z;How to Watch the Christmas Tree Lighting at Rockefeller Center The Christmas tree will be lit on Wednesday in a star-studded ceremony, which will be open to the public for the first time since 2019.;13;36
The New York Times;@nytimes;2021-12-01T03:15:06.000Z;Prosecutors Push Elizabeth Holmes of Theranos to Take Responsibility Under cross-examination, the founder of the failed blood testing start-up defended herself but admitted that she had made mistakes.;39;54
The New York Times;@nytimes;2021-12-01T03:00:05.000Z;"How do you pronounce ""Omicron"" anyway? There is no single, agreed-on English pronunciation, experts say.";362;565
The New York Times;@nytimes;2021-12-01T02:30:09.000Z;Omicron Variant, in at Least 20 Nations, Spread Earlier Than Was Known With evidence growing that a worrisome new coronavirus variant is highly contagious, health officials issued warnings that vulnerable people should not travel.;51;116
The New York Times;@nytimes;2021-12-01T02:15:05.000Z;‘No one should be afraid to go to school,’ Michigan’s governor says. Gov. Gretchen Whitmer said a school shooting in Michigan ‘is every parent’s worst nightmare.’;52;149
The New York Times;@nytimes;2021-12-01T02:00:06.000Z;The Biden administration is said to be looking at ways to toughen coronavirus testing and screening of people flying to the U.S. as concerns about the Omicron variant continue to grow.;51;62
The New York Times;@nytimes;2021-12-01T01:50:01.000Z;After 110 Years, an Overdue Book Is Returned to a Library in Idaho It’s unclear who checked out “New Chronicles of Rebecca” by Kate Douglas Wiggin from a library in Boise, or who had it all these decades. But the book remained in immaculate shape.;37;170
The New York Times;@nytimes;2021-12-01T00:40:03.000Z;A Times editor who attended Oxford recalls a decade-old shooting drill. Three teenage students were killed on Tuesday in the school district I graduated from.;14;41
The New York Times;@nytimes;2021-12-01T00:30:09.000Z;Detectives Work to Trace How Live Rounds Got on ‘Rust’ Film Set Investigators are trying to determine whether a supplier who was supposed to provide the movie with blanks and dummies may have sent live rounds.;19;36
The New York Times;@nytimes;2021-12-01T00:00:09.000Z;School shootings are becoming more frequent, after a lull during the pandemic. The deadly gunfire in Oxford, Mich., added one more episode to a growing list of fatal shootings on school property in the United States this year.;83;192
The New York Times;@nytimes;2021-11-30T23:45:08.000Z;California’s Ban on High-Capacity Magazines Is Restored by Appeals Court The overturning of a district judge’s decision may also lead to the reinstatement of a state ban on semiautomatic weapons.;65;154
The New York Times Retweeted;@grynbaum;2021-11-30T23:26:43.000Z;CNN Suspends Chris Cuomo After Details Emerge on the Help He Gave His Brother The cable news network’s top-rated anchor was an enthusiastic adviser to Andrew Cuomo in the last 18 months of his governorship.;21;48
The New York Times;@nytimes;2021-11-30T23:27:05.000Z;CNN Suspends Chris Cuomo After New Details on Help He Gave His Brother The cable news network’s top-rated anchor was an enthusiastic adviser to Andrew Cuomo in the last 18 months of his governorship.;283;718
The New York Times;@nytimes;2021-11-30T21:00:15.000Z;Serve these classic latkes hot and make more than you think you need. They go fast on any night of Hanukkah.;12;35
The New York Times;@nytimes;2021-11-30T20:47:13.000Z;The dead were all believed to be students. A 15-year-old sophomore was taken into custody after firing a semiautomatic handgun 15 to 20 times at Oxford High School in Oakland County, Mich., the authorities said. The dead were all believed to...;129;472
The New York Times;@nytimes;2021-11-30T20:46:04.000Z;Tech Titans, Bored With Their Empires, Are Searching for New Frontiers Jack Dorsey’s departure after six years as Twitter’s chief executive hints at how little fun the titans of tech seem to be having.;50;153
The New York Times;@nytimes;2021-11-30T20:35:04.000Z;Opinion | What Kind of Dog Is He? DNA Can Tell Me Only So Much. There are some mysteries that even genetic science can’t explain.;6;13
The New York Times;@nytimes;2021-11-30T20:28:33.000Z;Dr. Oz Says He’s Running for Senate in Pennsylvania Dr. Mehmet Oz, who is running as a Republican for an open Senate seat, described his frustration with the “arrogant, closed-minded people in charge” who shut schools and businesses during the...;420;205
The New York Times;@nytimes;2021-11-30T20:20:08.000Z;Omicron: What Is Known — and Still Unknown Intense research into the new coronavirus variant first identified in southern Africa, has just begun. World leaders have urged people not to panic — and to get vaccinated, if they can.;23;28
The New York Times;@nytimes;2021-11-30T20:10:08.000Z;This popular Israeli Hanukkah treat may be more widely recognized as a fragrant jelly doughnut, which has become a sweet symbol of the Jewish holiday.;30;52
The New York Times Retweeted;@arappeport;2021-11-30T19:39:54.000Z;Janet Yellen still supports a plan to make banks give the I.R.S. new customer data. “I think it’s important that the I.R.S. have visibility into opaque income streams,” the Treasury secretary said.;15;27
The New York Times;@nytimes;2021-11-30T20:00:11.000Z;Here We Go Again: Chaos Rules Global Response to Omicron Variant Almost two years into the pandemic, finger-pointing, lack of coordination, sparse information and fear are once again influencing policy.;24;33
The New York Times;@nytimes;2021-11-30T19:51:06.000Z;El Chapo’s Wife Sentenced to 3 Years in Prison Emma Coronel Aispuro pleaded guilty in June to helping her husband, Joaquin Guzmán Loera, smuggle drugs into the United States and escape from prison.;46;133
The New York Times;@nytimes;2021-11-30T18:00:06.000Z;Lionel Messi Wins Record Seventh Ballon d’Or The Paris St.-Germain star capped a year in which he led Argentina to the Copa América title by edging Bayern Munich’s Robert Lewandowski.;34;49
The New York Times;@nytimes;2021-11-30T17:45:02.000Z;4 takeaways from the first day of Ghislaine Maxwell’s trial. In the coming weeks, jurors are expected to hear testimony from four women whom prosecutors say Jeffrey Epstein exploited for sex with Ms. Maxwell’s help.;26;58
The New York Times;@nytimes;2021-11-30T17:30:04.000Z;Epstein’s longtime pilot said he never saw sex acts with underage girls on the financier’s planes.;196;203
The New York Times;@nytimes;2021-11-30T17:20:06.000Z;With $125 Million Gift, Met Museum Jump-Starts New Modern Wing The donation from a trustee, Oscar L. Tang, and his wife, Agnes Hsu‐Tang, reinvigorates the long-delayed project and is the largest capital gift in the Met’s history.;22;81
The New York Times;@nytimes;2021-11-30T17:10:05.000Z;Investors Snap Up Metaverse Real Estate in a Virtual Land Boom Transactions for properties in digital realms are jumping, guided by the same principle in the physical world: location, location, location.;94;242
The New York Times;@nytimes;2021-11-30T17:00:22.000Z;"In some churches, baptism is returning to its informal roots. Performing the age-old Christian ritual in a more relaxed or casual style ""conveys this isn’t your grandmother's church,"" one pastor said.";73;173
The New York Times;@nytimes;2021-11-30T16:00:20.000Z;Barbados, Formally Casting Off the Queen, Becomes a Republic The island nation swore in its first president, ending nearly 400 years of British rule. Prince Charles and Rihanna were on hand to witness the ceremony.;52;285
The New York Times Retweeted;@sameeryasir;2021-11-30T13:32:19.000Z;Hospitals in New Delhi, the capital, where the earlier wave driven in part by the Delta variant shook the health care system, have been asked to remain on high alert. …;4;10
The New York Times;@nytimes;2021-11-30T15:50:02.000Z;Opinion | Kyle Rittenhouse, Travis McMichael and the Problem of ‘Self-Defense’ More guns, no matter in whose hands, will create more standoffs, more intimidation, more death justified in the eyes of the law.;67;110
The New York Times;@nytimes;2021-11-30T15:40:03.000Z;Jerome Powell and Janet Yellen testify about the economy. The Federal Reserve chair and Janet Yellen are appearing before the Senate Banking Committee.;60;105
The New York Times;@nytimes;2021-11-30T15:35:06.000Z;Supervised Injection Sites for Drug Users to Open in New York City The Manhattan facilities will provide clean needles, administer medication to reverse overdoses and provide users with options for addiction treatment.;142;732
The New York Times;@nytimes;2021-11-30T15:25:08.000Z;‘Our Money Has No Value’: Frustration Rises in Turkey at Lira Crisis President Recep Tayyip Erdogan’s insistence on directing monetary policy and sticking with low interest rates is draining confidence, economists say.;39;102
The New York Times;@nytimes;2021-11-30T13:30:13.000Z;A Shower Bus Helps Those Without Access People without regular access to bathing find help at Brooklyn Community Services' shower bus.;26;163
The New York Times;@nytimes;2021-11-30T13:20:10.000Z;A panel of FDA advisers will vote on whether to recommend authorizing Merck’s antiviral Covid pill, known as molnupiravir, for high-risk patients. If endorsed, the agency could authorize the drug within days, making it available in the U.S. soon after.;26;41
The New York Times;@nytimes;2021-11-30T13:10:06.000Z;Eurozone inflation hits a record high of 4.9 percent. Driven by soaring energy costs, the annual rate for November was the highest since 1997.;25;65
The New York Times;@nytimes;2021-11-30T13:00:08.000Z;Counterfeit Covid Masks Are Still Sold Everywhere, Despite Misleading Claims Rising Covid cases have spurred a return to mask-wearing in the U.S. and overseas, at a time when flawed KN95s from China continue to dominate e-commerce sites.;46;73
The New York Times;@nytimes;2021-11-30T12:45:05.000Z;Two cases of the Omicron variant were detected in the Netherlands more than a week ago, Dutch officials said. The announcement suggests that the variant had already reached Europe before countries rushed to impose travel limits.;54;300
The New York Times;@nytimes;2021-11-30T12:30:08.000Z;What We Know About the Omicron Variant The World Health Organization has declared that this version of the coronavirus poses a very high risk to public health. How did they come to that conclusion?;31;39
The New York Times;@nytimes;2021-11-30T12:15:09.000Z;In China, Tesla Is a Catfish, and Turns Auto Companies Into Sharks The electric car company is helping Chinese companies become global players in the emerging industry, posing a competitive threat to traditional rivals.;30;44
The New York Times;@nytimes;2021-11-30T12:00:10.000Z;Who Owns a Recipe? A Plagiarism Claim Has Cookbook Authors Asking. U.S. copyright law protects all kinds of creative material, but recipe creators are mostly powerless in an age and a business that are all about sharing.;20;54
The New York Times;@nytimes;2021-11-30T09:00:12.000Z;Trevor Noah: ‘Covid Turned the Planet Into a Frat House’ The latest Covid variant, Omicron, follows Alpha, Lambda and Delta in the Greek alphabet.;19;24
The New York Times;@nytimes;2021-11-30T08:30:07.000Z;Dutch police arrest a couple who fled quarantine and boarded a plane. One of the pair tested positive for the coronavirus after they arrived on a flight from South Africa. They were quarantined at a hotel.;34;98
The New York Times;@nytimes;2021-11-30T08:00:13.000Z;In Latest Assault on Dissent, Egypt Convicts a Human Rights Activist Hossam Bahgat avoided a prison term, receiving a relatively modest fine, in a verdict that appeared designed to intimidate dissidents without risking international opprobrium.;17;53
The New York Times Retweeted;@dionnesearcey;2021-11-29T11:38:39.000Z;Hunt for the ‘Blood Diamond of Batteries’ Impedes Green Energy Push Dangerous mining conditions plague Congo, home to the world’s largest supply of cobalt, a key ingredient in electric cars. A leadership battle threatens reforms.;19;65
The New York Times;@nytimes;2021-11-30T07:00:08.000Z;Adele and Summer Walker: Our Season of Romantic Discontent New chart-topping albums from the two singers serve as raw excavations of relationships gone bad.;15;50
The New York Times;@nytimes;2021-11-30T05:50:36.000Z;Judge Delays Aung San Suu Kyi Trial in Myanmar The civilian leader who was ousted in a coup is accused of inciting public unrest and faces a litany of other charges. She could be detained for the rest of her life.;18;62
The New York Times;@nytimes;2021-11-30T02:22:05.000Z;"Prompted by growing concerns about the Omicron variant, the CDC on Monday strengthened its Covid vaccine booster recommendations, saying that all American adults ""should"" get an extra shot.";51;69
The New York Times;@nytimes;2021-11-30T02:15:02.000Z;For years, a team at Uber would quietly inform executives about competitor and employee actions, until one member turned on the others. Some of the men involved are now speaking about their experience and the aftermath for the first time.;7;23
The New York Times;@nytimes;2021-11-30T02:00:13.000Z;Lee Elder, Who Broke a Golf Color Barrier, Dies at 87 In his prime he played in a league for Black players, but in 1975, at 40, he became the first African American to take part in the Masters tournament.;13;62
The New York Times;@nytimes;2021-11-30T01:55:07.000Z;Iran Insists on Immediate Lifting of Sanctions as Nuclear Talks Resume After five months, negotiations on restoring the 2015 nuclear deal with Iran resumed in Vienna, but with a harder line from the new Iranian government.;13;24
The New York Times;@nytimes;2021-11-30T01:35:02.000Z;In Bill Cosby Case, Supreme Court Is Asked to Toss Ruling That Freed Him The prosecutors who brought the 2018 sexual assault case are appealing the decision in June by the Pennsylvania Supreme Court that overturned the jury verdict.;26;69
The New York Times;@nytimes;2021-11-30T01:25:04.000Z;Elizabeth Holmes Says Former Boyfriend Abused Her Ms. Holmes, the founder of the failed blood testing start-up Theranos, blamed Ramesh Balwani, the former No. 2 at the company.;37;49
The New York Times Retweeted;@NYTScience;2021-11-30T01:05:00.000Z;The Math Equation That Tried to Stump the Internet (Published 2019) Sometimes BODMAS is just PEMDAS by another name. And no, the answer is not 100.;121;90
The New York Times;@nytimes;2021-11-30T01:15:02.000Z;What Is Cardiac Angiosarcoma? Virgil Abloh, the celebrated fashion designer, died at 41 after being diagnosed with the rare cancer. Here’s what we know about it.;14;47
The New York Times;@nytimes;2021-11-30T01:00:04.000Z;Who Is Parag Agrawal, Twitter’s New C.E.O.? A longtime Twitter insider and a confidant of co-founder Jack Dorsey, Mr. Agrawal takes over as the social media company confronts various challenges.;28;95
The New York Times;@nytimes;2021-11-30T00:46:01.000Z;Breaking News: Pfizer and BioNTech are expected to apply for approval of their coronavirus booster shot for 16- and 17-year-olds. If approved, the booster would be the first for anyone under 18 in the U.S.;44;197
